Scan_ID,Conds,Grp_CBD_Comm_fdr05_r00_all,Grp_CBD_Comm_fdr05_r01_fef_b,Grp_CBD_Comm_fdr05_r02_spl_b,Grp_CBD_Speci_fdr05_r01_ai_b,Grp_CBD_Speci_fdr05_r02_dacc_r,Grp_CBD_Speci_fdr05_r03_tpj_r
17-09-24.2CBDHA,c13,7.122292e-01,9.464456e-01,7.685429e-01,-1.300811e-01,-1.099718e+00,-1.483344e-01
17-05-20.2CBDHA,c13,-8.793859e-02,3.275408e-01,-1.445222e-01,2.514056e-01,1.926245e-01,-7.509517e-01
17-06-30.5CBDHA,c13,5.764492e-01,-1.644049e-01,7.430618e-01,-3.439164e-01,4.860764e-01,-6.143093e-01
17-09-23.1CBDPA,c13,1.442747e-01,5.020209e-01,4.466112e-02,-5.025102e-02,-4.463307e-01,-1.023561e+00
17-05-21.4CBDHA,c13,3.524416e-01,2.195259e-01,4.540950e-01,-5.569252e-01,1.594487e-01,1.097783e+00
17-06-22.1CBDPA,c13,-2.095860e-01,7.878954e-02,-2.106718e-01,9.437461e-02,5.493949e-01,2.016837e-01
17-06-11.1CBDHA,c13,1.132182e-01,5.381662e-01,1.658912e-01,3.751274e-01,-5.000494e-02,1.099271e+00
17-09-16.2CBDHA,c13,3.923941e-02,-5.378564e-01,4.304647e-01,-1.619599e-01,-1.150609e+00,8.955935e-03
17-09-16.1CBDPA,c13,-5.992669e-02,4.126509e-01,3.715424e-01,-9.432943e-01,-5.220063e-01,-4.125596e-01
17-09-17.2CBDHA,c13,2.731853e-01,6.065393e-01,-6.843520e-03,-2.919048e-01,-5.695679e-01,-4.969620e-01
17-09-17.3CBDHA,c13,8.189569e-01,9.051702e-01,8.280065e-01,-2.164813e-01,-3.034108e-01,1.256526e-01
17-05-20.2CBDPA,c13,1.997635e-01,1.526120e-01,-5.943968e-02,5.165201e-01,5.480320e-01,-3.213802e-01
17-07-02.3CBDPA,c13,-2.817915e-01,1.725365e-01,-1.224796e-01,3.291481e-01,5.634628e-01,-2.020827e-02
17-05-20.4CBDPA,c13,1.983817e-01,2.042480e-01,1.572190e-01,2.658493e-01,4.796104e-01,1.932155e-01
17-06-13.4CBDHA,c13,5.169704e-01,-1.812922e-02,4.011624e-01,-5.655898e-01,-1.480374e+00,1.761306e-01
17-07-01.4CBDHA,c13,1.441286e-01,7.818443e-01,2.081093e-02,-3.125876e-01,6.345124e-01,6.953454e-01
17-07-02.1CBDHA,c13,2.161365e-01,1.056998e-01,1.602810e-01,-5.671775e-02,-6.192055e-01,-5.264502e-01
17-05-28.2CBDPA,c13,1.161411e-01,5.664763e-01,1.016545e-01,-1.185718e+00,-8.185734e-01,-9.707806e-02
17-07-02.5CBDPA,c13,-2.795906e-01,-1.246805e-01,1.108944e-01,-1.138977e+00,-5.830061e-01,1.719796e-01
17-06-24.4CBDHA,c13,-3.114181e-01,-3.993604e-01,-2.151254e-01,5.181915e-03,2.094248e-01,-4.644013e-01
17-06-22.4CBDPA,c13,9.136371e-04,-4.479858e-01,4.806815e-02,7.127599e-01,-2.528267e-02,-3.866347e-01
17-07-01.3CBDHA,c13,9.070310e-02,-2.771379e-01,2.417032e-01,-2.240428e-01,1.179240e+00,-4.201848e-02
17-09-17.1CBDHA,c13,5.597908e-01,2.038832e-01,5.379128e-01,-1.989803e-01,6.177525e-02,1.492110e+00
17-06-30.4CBDHA,c13,4.089695e-01,-1.515302e-01,8.855931e-01,3.674263e-01,9.992346e-02,8.663434e-02
17-09-24.1CBDHA,c13,-2.254712e-02,-2.637810e-01,-1.862681e-01,5.373059e-01,-1.369377e+00,1.802376e-01
17-06-24.1CBDHA,c13,4.631913e-01,7.277347e-01,4.041972e-01,5.592363e-01,1.328994e+00,-5.391069e-01
17-06-04.1CBDHA,c13,-1.263806e-01,3.434291e-01,-2.801210e-01,-3.331885e-01,-2.578669e-02,4.149594e-01
17-06-17.1CBDHA,c13,3.706566e-01,2.530635e-01,6.778420e-01,-8.443504e-02,2.102770e-01,1.510432e-01
17-07-01.1CBDHA,c13,7.484465e-02,-2.107970e-01,1.638993e-01,2.822847e-01,4.313842e-01,-5.918329e-01
17-06-17.2CBDHA,c13,3.914447e-01,1.382477e-01,4.649796e-01,2.827132e-02,9.428410e-01,-2.677269e-02
17-06-15.2CBDHA,c13,4.560917e-01,3.502864e-01,6.481987e-01,1.694270e-01,-3.943823e-01,5.619456e-01
17-06-15.4CBDHA,c13,9.321211e-01,7.358569e-01,1.009346e+00,-8.711796e-02,1.983835e-01,-1.012520e-01
17-07-02.3CBDHA,c13,7.736809e-01,5.605082e-01,8.327557e-01,8.956759e-02,8.311205e-01,-2.439078e-01
17-06-24.1CBDPA,c13,1.175447e-01,4.366868e-01,8.422412e-02,-3.474093e-01,4.482750e-01,7.562520e-01
17-07-01.2CBDHA,c13,2.740356e-01,7.511160e-01,3.332155e-01,-2.903586e-01,-9.388643e-01,-5.774020e-01
17-07-02.1CBDPA,c13,1.418301e+00,6.119012e-01,1.469282e+00,4.081056e-01,2.920894e-01,-2.743102e-02
17-05-21.1CBDPA,c13,-3.639877e-01,6.187761e-02,-2.934559e-01,6.089602e-01,8.328451e-01,-1.649738e-01
17-06-25.1CBDHA,c13,8.321579e-02,1.859938e-01,-2.757451e-01,-3.777340e-01,2.088128e-01,4.242101e-01
17-09-17.4CBDHA,c13,7.994842e-01,3.624237e-01,6.924154e-01,1.581532e-01,1.170964e+00,6.224219e-01
17-06-15.3CBDHA,c13,8.560182e-02,4.176846e-01,-7.046223e-02,-1.509164e-01,4.289023e-01,-9.389326e-01
17-05-20.1CBDPA,c13,7.150193e-01,1.005233e+00,4.931706e-01,-6.234103e-03,7.333772e-01,-9.110236e-01
17-06-23.1CBDHA,c13,9.090761e-02,1.446840e-01,5.682593e-01,4.365971e-01,5.721318e-01,2.371518e-01
17-05-29.3CBDPA,c13,9.685694e-01,1.028203e+00,9.560540e-01,4.198712e-01,2.484022e-01,-2.055426e-01
17-05-29.1CBDHA,c13,1.174835e+00,8.259199e-01,1.133157e+00,2.093710e-01,-3.249994e-01,6.745172e-01
17-06-23.3CBDHA,c13,4.653589e-02,4.601424e-01,-1.667766e-01,-2.022784e-01,6.719680e-01,2.674943e-01
17-06-30.3CBDHA,c13,4.762134e-01,8.383695e-01,5.587676e-01,-2.518850e-01,1.562798e-02,-5.507654e-01
17-06-25.3CBDPA,c13,8.067231e-01,6.198274e-01,1.012833e+00,-1.976430e-01,5.079351e-01,7.182395e-01
17-06-30.2CBDHA,c13,-5.055438e-01,-2.880035e-01,-4.678089e-01,7.283997e-01,9.928020e-01,1.774209e-01
17-05-28.2CBDHA,c13,4.921233e-01,2.600754e-01,4.574252e-01,-1.515214e-01,-7.878634e-01,-6.320113e-01
17-06-03.4CBDHA,c13,9.597610e-01,1.236729e+00,1.227963e+00,2.786532e-01,1.169470e+00,1.154909e+00
17-06-30.1CBDHA,c13,1.016821e+00,4.652680e-01,9.148221e-01,2.226777e-01,-3.269510e-01,2.232618e-01
17-07-01.1CBDPA,c13,2.652891e-01,5.915912e-01,3.646998e-01,1.278591e-01,7.829105e-01,3.972555e-01
17-06-22.3CBDPA,c13,3.167860e-01,2.043410e-01,4.358108e-02,6.838676e-01,8.519049e-01,-9.178260e-01
17-07-02.2CBDPA,c13,-2.287547e-02,-2.096679e-01,-3.228539e-01,-8.295058e-02,9.569295e-01,4.648170e-01
17-05-21.3CBDPA,c13,2.508010e-01,-5.063538e-01,5.920580e-01,-1.455660e-01,5.533286e-02,3.890982e-01
17-05-21.2CBDPA,c13,-3.644068e-02,-6.066351e-01,1.105625e-01,2.307719e-02,3.496282e-01,-4.784107e-01
17-05-21.3CBDHA,c13,7.455811e-01,1.398981e+00,7.321759e-01,2.842566e-01,1.177733e+00,-5.732384e-02
17-06-23.4CBDHA,c13,2.052239e-01,3.703691e-01,1.681442e-01,-4.207377e-01,-5.525808e-01,-9.017454e-01
17-05-21.2CBDHA,c13,-6.212551e-01,-2.831831e-01,-4.499484e-01,-2.331654e-03,7.560830e-02,-4.119293e-01
17-05-20.3CBDPA,c13,4.447250e-01,3.327112e-01,5.385624e-01,5.549080e-01,-4.209647e-01,6.203464e-01
17-06-25.4CBDPA,c13,1.072728e+00,7.867347e-01,9.804103e-01,8.669424e-02,4.621937e-01,-7.747440e-01
17-09-16.1CBDHA,c13,-2.828841e-01,-2.476396e-01,-2.808902e-01,1.395787e-02,1.850222e-01,-7.214580e-01
17-06-25.2CBDHA,c13,-8.106749e-02,2.498513e-01,-7.654594e-02,2.137126e-01,-5.748617e-01,-3.961441e-01
17-06-25.2CBDPA,c13,3.124562e-01,1.062179e-01,1.251461e-01,4.657399e-03,1.017987e+00,2.701012e-01
17-06-03.3CBDHA,c13,-3.108762e-01,-3.459351e-01,-3.414638e-01,-6.938325e-01,7.967121e-02,-7.952621e-01
17-07-01.5CBDPA,c13,1.717398e-01,5.784847e-01,-1.031409e-02,4.190524e-01,-3.342132e-01,5.443576e-02
17-05-29.2CBDHA,c13,2.931267e-01,3.638038e-01,4.566531e-01,-3.724581e-01,-4.324395e-01,-4.363859e-01
17-06-22.2CBDPA,c13,-1.178832e+00,-1.292925e+00,-1.087746e+00,-3.483309e-01,-5.582802e-01,-1.010126e+00
17-06-13.2CBDHA,c13,4.581856e-01,3.763828e-01,8.822076e-01,-9.145485e-02,-2.588186e-01,6.460638e-02
17-06-24.3CBDPA,c13,7.484112e-01,7.534786e-01,7.432851e-01,5.899096e-01,4.447062e-01,5.109690e-01
17-06-11.2CBDHA,c13,-1.498569e-01,-9.037558e-02,-1.653339e-01,1.421678e-01,1.521247e-01,-5.187467e-01
17-06-18.4CBDHA,c13,-4.364321e-01,-6.860077e-01,-4.129114e-01,-3.756954e-01,-3.340028e-01,-8.946823e-01
17-06-24.2CBDHA,c13,3.961910e-01,6.186109e-01,6.214871e-01,-4.336287e-01,-2.420445e-01,-1.061864e+00
17-06-23.2CBDHA,c13,-5.545417e-01,1.442606e-01,-4.261243e-01,2.587977e-01,-1.649302e-01,3.844391e-01
17-07-01.4CBDPA,c13,-7.145287e-02,6.762124e-01,-2.719938e-01,-1.179693e-01,9.473430e-01,-7.915650e-01
17-04-29.1CBDPC,c13,4.376808e-01,4.988546e-01,7.641538e-01,-4.372769e-03,3.890903e-01,9.715410e-01
16-08-14.1CBDPC,c13,3.398716e-02,-3.115196e-01,2.840679e-02,-4.995118e-01,7.595888e-03,-7.807803e-01
16-08-17.3CBDPC,c13,9.840541e-02,-5.001566e-01,-8.509428e-02,2.406131e-01,1.207306e-01,-2.417903e-01
17-05-28.2CBDPC,c13,-2.478569e-01,-1.728454e-01,-4.077837e-01,5.443406e-02,-7.047427e-01,-5.965826e-01
17-08-28.1CBDHC,c13,-3.001766e-01,-5.624387e-02,-1.364378e-01,-1.087018e-01,1.765689e-01,4.799537e-01
17-07-17.1CBDHC,c13,1.146895e-01,-1.394364e-01,2.597275e-01,-1.727288e-01,-2.640213e-01,-5.213558e-02
16-08-29.1CBDPC,c13,1.803153e-01,-2.498059e-01,3.041750e-01,4.670259e-01,2.782851e-01,1.903103e+00
16-10-06.2CBDPC,c13,1.090029e-01,1.607510e-01,5.292008e-02,9.378779e-02,-4.063040e-01,-1.556789e-01
17-04-30.4CBDHC,c13,7.085968e-03,1.422775e-02,-2.136731e-02,5.745321e-01,4.818279e-01,-3.704454e-01
17-01-18.2CBDPC,c13,4.880357e-01,8.464304e-01,3.220015e-01,-6.163864e-02,1.046206e+00,1.191896e+00
17-08-12.2CBDHC,c13,-5.905734e-01,-5.225937e-01,2.117959e-02,9.513830e-01,-2.103387e-01,3.050030e-01
17-04-23.4CBDHC,c13,-2.883684e-01,6.776281e-01,-3.555695e-01,6.552327e-01,3.939908e-01,4.889011e-02
16-12-24.2CBDPC,c13,1.184626e-01,1.727577e-01,1.433777e-01,-6.197340e-01,2.564620e-01,-6.958048e-01
17-08-12.1CBDHC,c13,2.379082e-01,1.991861e-01,2.740290e-01,1.280920e-01,4.114308e-01,7.597850e-01
16-10-22.2CBDPC,c13,1.619651e-01,2.685339e-01,2.183185e-01,-1.695563e-01,-2.652697e-01,3.104325e-01
16-12-27.2CBDPC,c13,7.094410e-01,-3.855848e-01,9.905470e-01,5.505440e-01,2.656801e-01,-4.743599e-02
17-08-24.2CBDHC,c13,-2.208842e-01,2.614092e-01,6.060559e-02,-9.690008e-03,1.666072e-01,-8.953385e-01
17-09-17.2CBDHC,c13,7.559610e-02,1.084643e-01,1.796191e-01,6.186483e-01,2.528908e-01,1.093966e+00
17-04-09.1CBDPC,c13,-4.509935e-01,-7.763715e-01,-3.541053e-01,-3.454545e-01,-3.991565e-01,9.781758e-03
17-04-30.3CBDHC,c13,-2.191118e-01,2.033744e-01,7.634742e-02,4.697287e-02,-1.974605e-01,-7.832564e-02
16-11-13.1CBDPC,c13,-6.401699e-02,3.585012e-01,1.010536e-01,4.716829e-01,-1.736914e-01,-1.385231e-01
17-01-17.3CBDPC,c13,-5.982299e-01,-5.852855e-02,-7.289852e-01,-3.276541e-01,-1.754497e-01,-1.450714e-01
16-09-11.4CBDPC,c13,-7.865624e-02,-2.225654e-01,-1.425020e-01,-2.676461e-01,5.477211e-01,4.621302e-01
16-08-11.1CBDPC,c13,-5.527250e-01,-6.864032e-01,-4.728965e-01,2.215635e-01,-8.181413e-01,6.482790e-01
17-04-30.1CBDHC,c13,-3.081458e-01,-2.521763e-01,1.628163e-01,1.998527e-01,-3.840856e-01,-3.559023e-01
16-12-11.3CBDPC,c13,-3.367099e-01,-1.771785e-01,-3.997663e-01,7.589896e-01,1.812204e+00,3.411786e-01
17-04-29.4CBDPC,c13,9.453481e-01,4.191150e-02,1.173597e+00,5.428210e-01,-1.736614e-01,2.547407e-01
16-09-11.2CBDPC,c13,1.673661e-01,-2.041697e-01,3.820894e-01,1.644101e-01,5.897044e-01,2.857690e-01
16-12-24.4CBDPC,c13,7.509633e-03,1.694566e-01,-4.001750e-02,-3.814953e-01,7.454824e-01,-5.723483e-01
16-10-16.2CBDPC,c13,-7.739763e-02,3.705903e-02,-2.703092e-01,1.811222e-01,6.419147e-02,3.341975e-01
17-06-03.2CBDPC,c13,1.909607e-01,1.358109e-01,2.482341e-01,-1.520372e-01,5.433226e-01,3.455654e-01
17-04-29.5CBDPC,c13,1.288795e-01,-5.267357e-01,7.737207e-02,-7.704537e-01,-2.248331e-01,1.787683e-01
16-11-20.1CBDPC,c13,-1.862268e-01,-2.736626e-01,-2.868585e-01,-7.513423e-04,-4.725983e-01,-2.554366e-01
17-08-29.2CBDHC,c13,-7.867933e-02,-2.452392e-01,2.349200e-01,1.115756e-01,-3.570150e-01,1.732510e-01
17-01-22.1CBDHC,c13,7.909923e-02,6.578782e-01,-2.046358e-02,5.137063e-01,4.129988e-01,-5.854663e-01
16-09-11.1CBDPC,c13,-7.111866e-02,9.423545e-02,-9.746507e-02,1.568259e-01,-3.565914e-01,-9.687581e-02
16-08-27.4CBDPC,c13,4.180750e-01,4.204331e-01,5.702335e-01,4.956701e-01,1.087043e-01,6.745784e-01
17-06-17.2CBDPC,c13,5.561607e-01,2.628726e-01,4.159342e-01,-2.082919e-01,7.473099e-01,1.315502e+00
17-05-20.1CBDPC,c13,-1.521000e-01,-2.517600e-01,2.949154e-01,9.734246e-01,-6.690750e-01,-3.458642e-01
17-04-22.2CBDPC,c13,6.446268e-02,1.768518e-01,-2.872055e-01,1.579452e-02,-7.109372e-01,4.097926e-01
16-08-29.2CBDPC,c13,-1.709992e-01,-4.410011e-01,-2.284209e-02,5.340180e-01,5.961799e-01,-4.198658e-01
17-01-23.1CBDHC,c13,2.534260e-01,8.278116e-02,2.427743e-01,-3.432983e-01,-1.167427e-01,-2.018754e-01
16-12-27.1CBDPC,c13,5.583064e-01,8.661274e-02,5.691201e-01,1.800724e-01,-4.390238e-01,-6.546270e-02
16-08-23.2CBDPC,c13,3.065832e-01,8.283287e-01,1.048312e-01,7.927648e-02,6.345732e-01,1.340980e+00
17-07-26.1CBDHC,c13,-5.043897e-01,-6.393649e-01,-5.879887e-01,-5.836094e-01,-9.922433e-01,-5.790209e-01
16-09-03.2CBDPC,c13,3.904905e-01,4.976536e-01,6.968669e-03,4.156633e-01,-1.844328e-01,2.404353e-01
16-08-21.3CBDPC,c13,-4.896556e-01,1.768777e-01,-6.826164e-01,-8.691388e-02,2.184674e-01,5.764169e-01
17-04-16.4CBDPC,c13,-5.685535e-01,-4.227842e-01,-6.819905e-01,7.539080e-02,-6.410638e-01,-1.509333e+00
16-09-24.4CBDPC,c13,-7.792451e-01,-1.737071e-01,-6.602723e-01,-1.230475e-01,1.522931e-01,-7.562601e-01
17-02-15.1CBDPC,c13,-1.440350e-01,-3.455134e-01,1.440227e-01,-6.472136e-02,-5.329242e-01,5.908428e-01
16-09-24.2CBDPC,c13,-6.198829e-01,-3.367419e-01,-5.619728e-01,2.228930e-01,3.730914e-01,1.560005e-01
17-04-04.4CBDPC,c13,2.775508e-01,2.947147e-01,-8.205347e-02,-3.557841e-01,8.185895e-01,1.603507e+00
16-10-16.3CBDPC,c13,-1.126336e-01,3.917736e-01,-1.465701e-01,2.379876e-02,-8.838847e-02,-2.403546e-01
17-01-14.3CBDHC,c13,5.555063e-02,1.052216e-01,2.570826e-01,-2.531816e-01,5.726814e-01,1.375296e+00
16-10-15.3CBDPC,c13,-5.864917e-01,-5.452561e-01,-5.837444e-01,-5.384535e-01,2.853244e-01,2.830943e-01
16-11-19.1CBDPC,c13,-7.184052e-01,-8.862866e-01,-7.225186e-01,-3.236876e-02,-9.108586e-01,-1.097468e-02
17-08-28.3CBDHC,c13,3.065231e-01,-3.670411e-01,3.209579e-01,-1.834919e-01,-4.576512e-02,6.287192e-02
16-10-22.3CBDPC,c13,-2.049457e-01,6.581003e-01,-4.399653e-01,-1.327604e-01,6.502294e-01,7.517840e-01
16-12-11.4CBDPC,c13,-1.886352e-01,-3.902075e-02,-3.284766e-01,8.025926e-01,3.189028e-01,6.291774e-01
17-01-16.2CBDPC,c13,2.639988e-02,-2.961052e-01,-1.399427e-02,4.267166e-01,-6.029285e-01,3.125154e-01
16-08-27.1CBDPC,c13,-4.086599e-01,-7.773211e-01,-2.581504e-01,-4.488244e-02,-1.056484e+00,-8.961410e-02
16-08-30.1CBDPC,c13,-5.768264e-01,-7.505590e-01,-3.046486e-01,8.602258e-01,-2.980490e-01,8.786252e-01
16-08-30.2CBDPC,c13,-4.070761e-01,-2.292465e-01,-2.271840e-01,4.556102e-01,5.008481e-01,-4.450488e-01
17-02-26.1CBDPC,c13,-3.992631e-01,4.540479e-01,-6.688031e-01,4.470091e-01,5.990416e-01,9.557580e-02
17-04-03.1CBDPC,c13,7.650837e-01,9.522385e-01,7.145189e-01,1.353184e-01,4.269600e-01,2.604384e-01
17-02-18.3CBDPC,c13,-4.489876e-01,1.674741e-01,-2.115609e-01,2.071769e-01,3.225092e-01,4.115253e-02
17-08-28.4CBDHC,c13,-3.179137e-01,4.666582e-02,-4.600332e-01,-5.639001e-01,-8.824631e-01,-9.700803e-01
16-10-07.2CBDPC,c13,-8.216983e-02,1.110913e-01,-2.862542e-01,-5.824871e-01,-9.206681e-01,-1.009368e+00
16-08-08.2CBDPC,c13,2.517501e-01,-2.129903e-02,3.816513e-01,-3.643304e-01,-5.408718e-01,-2.042205e-01
16-11-26.2CBDPC,c13,5.524118e-01,7.160623e-01,5.154227e-01,1.352123e-01,8.594293e-01,4.898021e-01
16-08-18.1CBDPC,c13,-1.907123e-01,-7.320195e-01,-5.968634e-01,-1.471620e-01,-9.281889e-01,-4.206940e-02
17-07-29.3CBDPC,c13,2.391905e-01,6.388466e-01,1.182181e-01,1.341896e-01,-2.682686e-01,7.061371e-01
17-04-16.3CBDPC,c13,2.397819e-02,1.236212e-01,-1.154928e-01,-4.398625e-01,3.113937e-01,-5.025467e-01
16-12-28.2CBDPC,c13,4.929407e-01,-3.056799e-01,7.800231e-01,-3.028114e-02,2.316642e-01,5.193701e-01
16-11-26.1CBDPC,c13,-2.790033e-01,-2.799097e-01,-3.267800e-02,1.541321e-01,2.846460e-01,1.953975e-01
16-08-13.1CBDPC,c13,2.312398e-01,5.078368e-01,3.336004e-02,-3.625669e-01,9.991383e-01,6.933667e-01
17-08-24.3CBDHC,c13,1.227166e-01,9.869605e-02,-2.253678e-01,5.362039e-01,3.769406e-01,-6.916223e-03
17-04-03.2CBDPC,c13,1.443792e-01,4.937348e-01,-3.115202e-03,3.121470e-01,-2.722383e-02,-6.340002e-02
16-11-26.4CBDPC,c13,-1.011229e-01,-9.619034e-01,1.953573e-01,4.232490e-01,3.347875e-01,-2.958492e-01
17-02-25.2CBDPC,c13,1.366329e-01,1.304488e-01,2.247899e-01,-4.391960e-01,1.199203e-01,4.031954e-01
17-07-17.3CBDHC,c13,1.424472e+00,5.887233e-01,1.502537e+00,4.111411e-01,6.300582e-01,-9.118731e-01
16-08-07.3CBDPC,c13,-4.450332e-01,1.034214e-01,-3.191519e-01,-7.590522e-01,-1.940427e-01,-6.898442e-01
16-08-07.4CBDPC,c13,-7.766667e-01,-5.233502e-01,-8.749120e-01,3.813045e-01,1.925926e-01,-2.442270e-01
17-02-16.1CBDPC,c13,4.258819e-01,3.325777e-01,4.484201e-01,8.521925e-01,7.107550e-01,1.100934e+00
16-12-28.4CBDPC,c13,-7.589932e-02,9.413423e-02,-1.790813e-01,-1.648742e-01,1.673255e-01,7.979607e-01
16-08-14.4CBDPC,c13,-5.960341e-01,-1.145975e+00,-4.022366e-01,-3.952136e-01,-3.056481e-01,-4.884112e-01
17-07-28.3CBDPC,c13,-1.050466e-01,2.858299e-01,-7.311701e-02,-4.492294e-01,5.740133e-02,-2.114233e-01
16-10-06.3CBDPC,c13,3.378793e-01,3.313724e-01,3.723892e-01,-1.581838e-01,4.226927e-01,3.726250e-01
17-02-17.1CBDPC,c13,3.093756e-02,7.544313e-01,1.206848e-01,-3.452637e-02,-4.540620e-02,-5.496954e-01
17-02-18.1CBDHC,c13,-2.612504e-01,4.638653e-01,-2.591491e-01,9.765469e-02,7.468147e-01,1.184901e-01
16-08-17.1CBDPC,c13,1.751858e-02,3.984594e-02,1.755859e-01,6.289745e-02,5.029156e-01,1.365929e+00
17-04-23.1CBDHC,c13,-2.131758e-01,3.666701e-01,-3.512784e-01,-3.229972e-01,-2.705194e-01,-8.158446e-01
17-01-21.1CBDHC,c13,2.504145e-01,1.278095e-02,2.611605e-01,4.145512e-03,2.366140e-01,-1.080700e+00
16-12-29.2CBDPC,c13,-6.391992e-02,-1.600892e-01,4.450654e-02,3.403271e-02,-2.441056e-01,-5.008785e-01
17-07-23.3CBDHC,c13,2.407323e-01,2.208096e-01,-4.077667e-02,-1.768673e-02,3.772709e-01,-4.653063e-01
17-04-23.1CBDPC,c13,5.752407e-01,4.891470e-01,6.416123e-01,3.529254e-01,3.956051e-01,-2.499514e-01
17-01-14.1CBDHC,c13,-3.625843e-01,-7.334158e-01,-1.429401e-01,8.111977e-02,1.170332e+00,-1.667074e+00
16-08-04.1CBDPC,c13,8.759210e-01,7.286152e-01,7.837167e-01,1.157081e-01,-4.288660e-01,1.190599e+00
17-01-19.2CBDPC,c13,-3.953140e-01,-1.562110e-01,-4.093631e-01,-5.407438e-01,-1.055910e+00,-1.640335e-01
16-09-04.1CBDPC,c13,-3.783962e-01,-2.372469e-01,-1.329964e-01,1.832034e-01,2.230603e-01,-6.129932e-01
17-02-25.1CBDHC,c13,-1.783032e-01,-3.595523e-01,-1.943774e-01,2.554835e-01,-3.309802e-01,7.727374e-01
17-05-11.1CBDHC,c13,-6.342744e-01,-4.172748e-01,-5.465256e-01,-3.913913e-03,-1.647974e-01,3.836215e-01
17-01-20.3CBDPC,c13,-1.454027e-01,-1.960816e-01,-3.301107e-01,3.248975e-01,-6.049845e-02,-1.339964e+00
17-08-06.2CBDHC,c13,-3.597437e-01,-4.334390e-01,-2.800066e-01,1.829041e-01,-6.489854e-01,-5.757862e-03
16-08-08.3CBDPC,c13,3.106535e-01,2.076304e-01,1.206957e-01,-2.613592e-01,-5.080333e-01,-4.209847e-01
17-04-22.1CBDPC,c13,1.100959e-01,2.042196e-01,-6.840167e-03,-4.190658e-01,-2.133108e-01,4.094292e-02
17-07-30.2CBDPC,c13,-4.468533e-01,-6.815503e-01,-2.369926e-01,3.504094e-01,-5.584681e-01,4.437695e-01
17-04-08.3CBDPC,c13,3.851286e-01,6.496631e-01,8.742641e-02,1.126887e-01,5.201495e-01,2.995732e-02
17-02-25.1CBDPC,c13,3.749380e-01,6.743152e-01,2.286496e-01,-1.064266e-01,5.943957e-01,1.024011e+00
17-01-19.3CBDPC,c13,3.495898e-01,4.361150e-01,2.294739e-01,1.040017e-01,-7.327991e-01,-1.199651e-01
16-08-25.1CBDPC,c13,3.482448e-01,5.585133e-01,1.257549e-01,-2.709547e-02,1.205724e+00,-4.484064e-01
16-08-06.3CBDPC,c13,2.296989e-01,5.392727e-01,-1.281759e-01,5.214401e-01,1.493599e+00,7.131659e-01
17-01-20.2CBDPC,c13,-1.540047e-01,6.813956e-02,-3.208594e-01,3.857082e-01,-7.226295e-02,-6.406160e-01
16-10-06.1CBDPC,c13,6.173603e-01,7.881463e-01,6.717491e-01,7.231920e-01,7.051434e-01,5.953995e-01
16-08-19.3CBDPC,c13,-5.233849e-01,2.422154e-01,-4.196559e-01,-7.685110e-03,2.433341e-02,-4.487669e-02
17-01-20.1CBDPC,c13,4.501751e-01,2.063000e-01,5.659165e-01,5.397999e-01,8.638723e-01,3.000476e-01
16-08-19.2CBDPC,c13,-3.360939e-01,-5.908203e-02,-1.017913e-01,3.136098e-02,-3.840859e-02,7.776824e-01
17-08-27.3CBDHC,c13,-7.139843e-01,-5.478794e-01,-7.966143e-01,-8.552002e-02,-5.532007e-01,-5.023019e-01
17-01-12.3CBDHC,c13,-3.810477e-01,-1.072850e+00,-1.618103e-01,1.049976e-01,-1.440352e-01,-4.506232e-01
16-12-31.3CBDPC,c13,9.502604e-03,-4.599907e-02,4.974452e-02,1.134586e-01,8.069324e-02,-4.430372e-01
17-02-25.3CBDPC,c13,-4.096979e-01,-2.462790e-03,-1.465175e-01,2.999994e-01,-8.410894e-01,-2.533988e-01
16-09-24.1CBDPC,c13,3.127621e-01,-3.471053e-01,4.854472e-01,1.751305e-01,-6.350521e-01,-3.969915e-01
17-07-08.4CBDPC,c13,1.112302e+00,2.326310e-01,1.148519e+00,6.657250e-02,5.175387e-01,-5.770630e-01
16-11-12.1CBDHC,c13,-2.690172e-01,-1.597035e-01,-3.022403e-01,2.851620e-01,-6.868789e-01,1.630917e+00
16-12-31.2CBDPC,c13,-8.360608e-02,-4.055263e-02,-2.334971e-01,-5.726737e-01,-7.657991e-01,-4.089121e-02
17-07-30.1CBDPC,c13,-2.472968e-01,-3.623251e-01,-3.038960e-01,-4.169387e-01,-7.947183e-01,-2.804975e-01
16-12-24.3CBDPC,c13,-8.146436e-01,4.423142e-02,-8.122971e-01,3.636922e-02,6.339179e-01,-3.966680e-01
17-07-17.2CBDHC,c13,-1.354882e-02,1.600645e-01,7.339972e-02,9.476929e-02,-6.456528e-01,2.769159e-01
17-06-24.1CBDPC,c13,1.909493e-01,1.104477e-01,1.965960e-01,-1.944738e-01,8.431853e-02,-2.407237e-01
17-04-16.2CBDPC,c13,2.806029e-01,-1.330241e-01,5.980542e-01,1.148039e-01,1.094071e+00,7.330026e-01
16-08-04.3CBDPC,c13,-2.097548e-01,-4.698541e-02,-2.627569e-01,-4.940203e-01,-3.692233e-01,5.939759e-01
17-07-29.2CBDPC,c13,-2.666874e-01,1.515173e-01,-4.248518e-01,1.311265e-01,-1.787284e+00,-1.075946e+00
16-11-20.2CBDPC,c13,4.289342e-01,2.275244e-01,5.310968e-01,-9.204921e-02,-5.155212e-02,3.445001e-01
16-12-25.3CBDHC,c13,-1.948495e-01,-5.162882e-01,-9.533084e-02,8.228171e-02,-1.719850e-01,9.630015e-01
16-09-17.2CBDPC,c13,3.989189e-01,7.188086e-01,1.905301e-01,-1.547271e-01,1.068049e+00,6.594431e-01
17-01-15.3CBDHC,c13,1.276910e-01,-2.790431e-01,1.574899e-01,2.371859e-01,2.065530e-01,4.612978e-01
16-08-07.2CBDPC,c13,-2.808734e-01,-3.563112e-01,-9.370032e-02,-1.867214e-01,1.076989e-01,3.699512e-01
16-12-04.2CBDHC,c13,1.862654e-01,-2.957435e-01,-8.270245e-02,-3.635672e-01,-9.528831e-02,8.092530e-01
16-12-25.3CBDPC,c13,-9.958809e-02,-5.097196e-01,-2.420110e-02,-6.586177e-01,-3.215231e-02,-1.055698e+00
16-11-27.2CBDPC,c13,-7.601179e-02,-2.150306e-01,-1.559213e-01,-1.903103e-01,-7.624619e-01,1.055831e-01
16-08-15.1CBDPC,c13,-3.438753e-01,-3.037485e-01,-3.618365e-01,2.340061e-01,-1.105347e+00,1.385989e+00
16-12-24.1CBDHC,c13,4.414498e-01,-2.427865e-01,3.021086e-01,5.605970e-01,1.281319e+00,5.029692e-01
16-12-10.1CBDHC,c13,-1.990336e-01,-2.229805e-01,-7.888003e-02,-7.719780e-02,1.138567e-01,4.512930e-01
16-08-28.3CBDPC,c13,4.529618e-02,2.269534e-01,-5.039292e-02,3.222541e-01,-6.239178e-01,6.417563e-02
16-09-03.5CBDPC,c13,-9.606045e-02,3.565362e-01,-2.817550e-01,2.924303e-01,1.312090e-01,1.106695e+00
16-08-30.4CBDPC,c13,5.762879e-01,4.805611e-01,6.713515e-01,2.235120e-01,1.022402e+00,-9.423518e-01
16-08-04.2CBDPC,c13,2.279876e-01,8.492863e-02,2.459068e-01,-8.747765e-02,2.849594e-01,6.014520e-01
16-08-15.2CBDPC,c13,-5.511968e-01,-2.666551e-01,-6.257890e-01,1.986830e-01,5.413408e-02,1.742048e-01
17-04-16.5CBDPC,c13,-3.115150e-01,-4.247702e-01,-3.944880e-02,-7.504097e-01,1.787494e-01,-5.195210e-01
16-11-26.3CBDHC,c13,2.746058e-01,6.629512e-01,1.690518e-01,-4.416040e-02,-8.043437e-01,2.792730e-01
16-12-24.3CBDHC,c13,-2.166809e-01,-1.196645e-01,-1.035301e-01,1.002106e-01,-3.527000e-01,7.035752e-01
16-11-20.2CBDHC,c13,4.860295e-01,8.384921e-01,5.486883e-01,8.669160e-01,-6.402905e-01,-5.850028e-01
17-04-08.1CBDPC,c13,1.414501e-01,6.174596e-01,3.493661e-02,9.663581e-02,-1.120733e+00,-7.860841e-01
16-12-25.2CBDHC,c13,1.487566e-01,8.150818e-01,7.498093e-03,1.959857e-01,4.504611e-01,-4.299081e-01
16-08-26.3CBDPC,c13,-1.368807e-01,-1.904006e-01,-2.670443e-01,1.221090e-02,-9.456219e-01,7.771245e-01
17-01-15.3CBDPC,c13,-2.911291e-01,-1.789429e-01,-3.431940e-01,7.431352e-01,1.172489e-01,6.815187e-01
17-01-12.2CBDHC,c13,1.097067e-01,1.068459e-01,2.925518e-01,-2.016559e-01,1.622352e-01,-5.299315e-01
16-12-25.1CBDPC,c13,5.623390e-01,6.154966e-01,3.739321e-01,-5.264627e-01,1.006137e+00,1.366108e+00
16-12-31.1CBDPC,c13,-3.880067e-01,-7.168132e-01,-7.257648e-02,2.704853e-01,-1.097840e+00,-7.812843e-01
16-07-31.2CBDPC,c13,2.058197e-01,-7.437621e-02,3.006015e-01,3.304532e-02,2.539922e-01,5.378920e-01
16-11-26.3CBDPC,c13,9.417312e-01,5.028442e-01,9.387496e-01,4.714890e-01,7.506812e-01,9.267830e-01
16-08-26.1CBDPC,c13,-8.629527e-02,4.364054e-01,-1.861957e-01,-1.040412e-01,7.867412e-02,-5.521097e-01
16-07-28.2CBDPC,c13,-1.182704e-01,-7.983882e-01,-5.063731e-02,-1.809776e-01,-1.365668e+00,-4.215090e-01
16-08-21.2CBDPC,c13,-4.812424e-03,3.534991e-02,-6.344553e-02,-1.992261e-02,1.881953e-01,-5.173791e-01
17-04-30.2CBDHC,c13,-6.577566e-01,-8.068217e-01,-4.757377e-01,-3.659666e-01,3.293540e-03,1.723649e-02
16-08-06.2CBDPC,c13,3.925398e-01,7.488750e-01,1.678335e-01,5.687588e-01,4.958138e-01,2.114979e-01
17-07-27.2CBDPC,c13,3.885898e-01,9.650386e-01,1.882521e-01,-2.066928e-01,7.240278e-01,-4.926126e-01
16-11-13.3CBDPC,c13,4.348036e-02,-6.739709e-02,3.934650e-01,-5.295499e-01,-1.161533e+00,-8.194071e-01
