Scan_ID,Subj_ID,Gender,Age1,Age2,Group,SubGrp,A_NoDoub_mean_abs,O_CenSpat_mean_abs,C_InconCon_mean_abs,A_NoDoub_mean_rate,O_CenSpat_mean_rate,C_InconCon_mean_rate,RT_Con_No_mean,RT_Con_Cent_mean,RT_Con_Doub_mean,RT_Con_Spat_mean,RT_Incon_No_mean,RT_Incon_Cent_mean,RT_Incon_Doub_mean,RT_Incon_Spat_mean,ACC_Con_No,ACC_Con_Cent,ACC_Con_Doub,ACC_Con_Spat,ACC_Incon_No,ACC_Incon_Cent,ACC_Incon_Doub,ACC_Incon_Spat,ACC_mean,RT_mean,RT_ACC,NoRespFreq,CleanFreq,CBDA_Ind_c1A_fdr0545,CBDA_Ind_c2O_fdr0545,CBDA_Ind_c3E_fdr0545
16-07-28.2CBDPC,2,1,11.47,11,CBDC,CBDPC,-22.1957,40.4848,81.8214,-26.765,164.2856,276.1201,596.3571,590.4405,550,549.9429,706.6,621.7857,691.7,631.25,0.875,0.8125,0.75,0.75,0.4375,0.6875,0.6875,0.8125,0.72656,616.4806889,849.56442,0.1875,0.28125,3.52E-01,-2.40E-01,-3.30E-01
16-07-31.2CBDPC,10,2,11.35,11,CBDC,CBDPC,72.9881,37.256,75.4337,122.4949,98.0691,55.0396,570.25,494.9167,468.2054,506.4286,630.875,581.1667,588,511.9167,0.75,0.8125,0.9375,0.9375,1,0.8125,0.9375,0.875,0.88281,543.0010111,616.1800246,0.09375,0.12187,-1.91E-01,7.90E-01,-3.15E-01
16-08-04.1CBDPC,11,1,9.19,9,CBDC,CBDPC,100.3222,65.5587,62.6655,176.6849,108.7448,67.5326,652.0833,591.625,552.8661,522.875,701.2143,625.8571,597.6518,605.375,0.75,1,0.9375,1,0.875,0.875,0.9375,1,0.92188,604.2830667,657.5622098,0.072917,0.084375,4.50E-01,-3.69E-01,2.04E-01
16-08-04.2CBDPC,12,1,10.58,11,CBDC,CBDPC,-1.8018,3.6828,80.2533,34.959,-8.93,87.0588,565.6875,558.0625,555.369,553.2768,620.2292,627.1429,648.125,651.5,1,1,0.8125,0.9375,0.875,0.875,1,1,0.9375,601.3214333,637.2523867,0.078125,0.071875,1.77E-01,2.61E-01,5.26E-01
16-08-04.3CBDPC,13,1,10.16,10,CBDC,CBDPC,24.1972,25.6831,85.1632,-56.1098,21.3648,177.8307,520.2,520.881,512.869,388.7708,595.119,571.75,569.0714,537.625,0.8125,0.8125,0.8125,0.875,0.8125,0.6875,0.6875,0.8125,0.78906,532.6706889,667.9286429,0.052083,0.19375,3.11E-01,1.23E-01,-1.20E-01
16-08-06.2CBDPC,18,2,11.95,12,CBDC,CBDPC,11.9413,33.8732,49.8888,89.8798,37.6824,61.0623,655.0952,676.9048,642.0268,608.9286,689.6429,695.375,691.5625,707.0429,0.8125,0.8125,0.9375,0.875,0.8125,0.875,1,0.75,0.85938,676.7865222,780.5887238,0.14583,0.14375,2.71E-01,7.89E-02,-5.60E-02
16-08-06.3CBDPC,19,1,9.51,10,CBDC,CBDPC,51.7027,72.4273,50.3362,53.8555,47.5607,56.7208,682.75,682.7381,608.125,543.1429,678.6875,681.5,670.0179,688.2857,1,0.8125,0.9375,0.9375,1,1,0.9375,0.75,0.92188,657.7496778,709.8601635,0.067708,0.075,7.31E-03,6.02E-01,5.88E-01
16-08-07.2CBDPC,23,2,10.35,10,CBDC,CBDPC,48.6637,16.8278,30.1489,58.4326,-21.5677,46.5385,680.45,664.4286,622.45,597.5167,747.4524,653.2381,674.4167,636.0333,0.8125,0.875,0.6875,0.6875,0.8125,0.8125,0.6875,0.6875,0.75781,657.1095333,870.26857,0.22917,0.24688,2.45E-01,1.55E-01,8.64E-02
16-08-07.3CBDPC,24,1,8.99,9,CBDC,CBDPC,1.4565,25.1361,50.6902,74.2338,374.3186,62.998,662.5875,679.7917,630.1964,649.9018,701.5714,722.975,727.25,659.2143,0.8125,0.625,0.9375,0.9375,0.8125,0.5625,1,0.875,0.82031,677.0542333,827.9626147,0.125,0.16562,4.60E-01,1.90E-01,-1.30E-01
16-08-07.4CBDPC,25,2,9.02,9,CBDC,CBDPC,98.819,62.2256,7.8228,76.63,110.6517,2.79,650,645.2381,551.5982,551.0625,733.0714,606.05,571.9833,517.3571,0.75,0.8125,0.9375,0.75,0.875,0.8125,0.6875,0.875,0.8125,594.0400667,742.5170154,0.15104,0.18437,2.38E-01,4.92E-01,-2.48E-01
16-08-08.2CBDPC,27,1,8.76,9,CBDC,CBDPC,72.3978,42.1543,69.1847,99.5012,7.0738,160.3686,714.5714,729.7857,649.9107,686.1429,784.1667,795,715.55,763,0.875,0.875,0.9375,0.875,0.6875,0.875,0.8125,0.875,0.85156,730.9030444,856.9753452,0.11979,0.15625,3.56E-01,-4.63E-02,4.40E-01
16-08-08.3CBDPC,28,2,9.38,9,CBDC,CBDPC,45.9804,33.6552,37.2885,59.5379,85.9248,103.044,704.2,658.6071,660.9732,698.0833,732.7976,792.6071,696.3333,650.6667,0.625,0.9375,0.9375,0.75,0.8125,0.6875,0.6875,0.875,0.78906,694.0853667,886.2235286,0.17188,0.2125,1.45E-01,5.96E-01,3.67E-01
16-08-11.1CBDPC,32,1,7.85,8,CBDC,CBDPC,9.5922,-3.8678,78.6569,-0.78847,-25.4975,193.2811,721.75,686.7679,719.1429,683.9375,807.875,788.1548,771.9286,759.5,1,0.9375,0.875,1,0.875,0.8125,0.8125,0.875,0.89844,740.2840778,826.3012416,0.078125,0.096875,-1.01E-01,-1.41E-01,-2.19E-01
16-08-13.1CBDPC,36,2,8.9,9,CBDC,CBDPC,87.5074,71.4327,72.9387,103.8154,116.4386,25.107,639.625,542.4405,527.0804,476.131,667.0804,654.75,620.3125,538.2143,0.9375,0.8125,0.9375,0.8125,0.9375,1,1,0.875,0.91406,573.0149,638.0371775,0.067708,0.09375,3.93E-01,4.93E-01,3.82E-01
16-08-14.1CBDPC,38,2,7.02,7,CBDC,CBDPC,56.4948,5.4181,21.3931,-10.4571,20.3583,-1.2678,685.375,652.4375,639.0357,603.7321,721.9911,677.6875,653.131,634.0625,0.875,1,0.8125,0.9375,0.9375,1,0.8125,1,0.92188,655.0502667,714.2269601,0.083333,0.09375,-8.10E-02,-1.73E-01,2.91E-02
16-08-14.4CBDPC,41,1,9.07,9,CBDC,CBDPC,51.8408,-10.5083,36.4747,266.3101,-169.4533,151.4252,791.7571,744.5,711.8333,768.5833,768.1667,785.7429,788.6667,812.9833,0.75,0.6875,0.75,0.75,0.4375,0.75,0.8125,0.6875,0.70313,773.3592556,1097.278117,0.24479,0.28125,4.72E-01,-4.51E-01,-4.96E-01
16-08-15.1CBDPC,42,2,10.4,10,CBDC,CBDPC,23.8406,61.9143,28.3373,63.8942,53.4278,4.8728,646.7054,653.631,617.2143,611.9286,700.5536,675.25,647.2857,627.5476,0.9375,0.8125,0.875,0.875,0.9375,1,0.875,0.8125,0.89063,645.0406889,727.0297711,0.09375,0.125,2.69E-01,-3.06E-01,2.39E-01
16-08-15.2CBDPC,43,2,10.6,11,CBDC,CBDPC,22.5331,18.2684,38.3011,156.2698,36.9891,115.1015,734.6667,634.875,618.0625,670.2321,702.119,721.7,690.125,657.6875,0.625,1,1,0.9375,0.8125,0.625,0.9375,0.875,0.85156,678.8575333,796.9884389,0.11979,0.1375,3.94E-01,2.52E-01,-4.86E-01
16-08-17.1CBDPC,44,2,9.09,9,CBDC,CBDPC,52.102,91.9863,46.7744,195.2976,161.7238,114.926,738.5833,714.9167,638,631.6667,703.425,793.5833,714.1667,674.9833,0.625,0.875,0.5625,0.75,0.5625,0.6875,0.75,0.6875,0.6875,698.8972222,1019.877273,0.33854,0.33125,-5.52E-03,3.79E-01,1.93E-01
16-08-17.3CBDPC,46,2,7.06,7,CBDC,CBDPC,-10.2724,30.1217,34.9115,-13.8077,239.6379,-46.7547,753.9286,776.9,791.3095,708.5714,824.2024,764.375,757.5714,813.5714,0.875,0.5625,0.8125,0.875,0.8125,0.9375,0.875,0.8125,0.82031,776.5477444,943.3064482,0.19271,0.19375,2.91E-01,-6.67E-01,-1.30E-01
16-08-18.1CBDPC,48,2,8.8,9,CBDC,CBDPC,62.9267,55.4242,79.596,120.9761,62.5436,167.2832,695.7143,612.0208,625.1667,617.9143,776.4,771.5833,694.9762,660.6875,0.875,0.875,0.875,0.75,0.6875,0.75,0.8125,0.875,0.8125,680.3014556,839.1481692,0.19271,0.19375,1.60E-01,-7.21E-01,-3.96E-01
16-08-19.2CBDPC,53,2,9.56,10,CBDC,CBDPC,6.02,75.0869,75.986,8.4346,334.0831,259.3023,741.725,840.5667,706.5,718.5833,845.8333,785.5417,898.0833,802.2667,0.5625,0.6875,0.625,0.6875,0.625,0.4375,0.5625,0.6875,0.60938,794.3722222,1300.317536,0.32292,0.3875,4.86E-01,-2.58E-01,2.33E-01
16-08-19.3CBDPC,54,1,9.53,10,CBDC,CBDPC,75.7116,67.8451,38.4705,187.361,228.7876,17.8066,611.2857,665.0167,495.9821,479.9,667.6667,592.7917,613.3125,574.9524,0.9375,0.6875,0.6875,0.625,0.6875,0.625,0.9375,0.8125,0.75,586.5175333,783.4846333,0.22917,0.25313,6.54E-01,5.96E-01,2.91E-01
16-08-21.2CBDPC,61,1,11.51,12,CBDC,CBDPC,40.822,-28.3649,56.6131,48.3476,50.6613,87.4689,691.875,645.5,635.4464,680.7321,733.4583,690.0714,716.0089,742.6875,1,0.875,0.9375,0.9375,0.875,0.8125,0.9375,1,0.92188,695.0310667,750.6101119,0.088542,0.084375,2.90E-01,-2.97E-02,5.44E-01
16-08-21.3CBDPC,62,1,8.32,8,CBDC,CBDPC,99.1396,1.2635,123.529,76.0521,-14.4487,182.6778,674.1964,617.1875,564.5,608.4643,815.5,710.625,736.25,674.9375,0.9375,1,0.875,0.8125,0.875,0.875,0.75,0.9375,0.88281,671.4623,764.8390792,0.0625,0.10313,2.52E-01,-3.38E-01,-8.23E-02
16-08-23.2CBDPC,65,2,8.24,8,CBDC,CBDPC,47.7179,90.9305,45.5577,296.9135,260.7596,48.0352,748.85,750.7333,727.5,536.7571,774.8125,737.5429,736.125,692.0625,0.6875,0.6875,0.875,0.75,0.75,0.75,0.625,0.9375,0.75781,708.8481444,940.9323082,0.20313,0.25,-1.82E-02,5.12E-01,2.37E-01
16-08-25.1CBDPC,66,2,9.48,9,CBDC,CBDPC,-1.5528,98.7753,22.139,429.5688,369.3634,321.0391,770.6,794.2,737.2857,682.9048,785.375,814.9333,754.2917,740.5,0.5,0.6875,0.75,0.8125,0.4375,0.5,0.625,0.625,0.61719,754.6767222,1231.405746,0.32292,0.3625,-3.56E-01,-4.36E-01,-4.38E-01
16-08-26.1CBDPC,68,2,11.46,11,CBDC,CBDPC,0.50906,54.8832,42.4661,0.47125,81.4425,53.6155,587.6875,551.4286,513.875,502.8125,593.875,600.4196,624.2411,508,1,0.875,1,1,0.9375,0.9375,0.9375,1,0.96094,553.7043667,583.0670099,0.03125,0.046875,1.32E-01,5.12E-01,-2.55E-02
16-08-26.3CBDPC,70,2,11.04,11,CBDC,CBDPC,66.5813,53.4667,5.6854,-9.1181,86.6552,39.2059,701.6429,669.9,617.8714,672.1429,703.5714,699.1607,656.1,636.3333,0.8125,0.75,0.75,0.875,0.875,0.9375,0.5,0.75,0.78125,665.6080667,857.075616,0.19271,0.20313,-1.21E-01,7.33E-02,1.83E-01
16-08-27.1CBDPC,72,1,8.52,9,CBDC,CBDPC,18.4937,61.6647,97.3415,111.9011,66.2937,164.494,653.7381,673.625,630.5,630.1042,733.6429,777.4167,755.631,738.8125,0.8125,1,1,0.875,0.875,0.75,0.8125,1,0.89063,703.5800444,785.0440699,0.078125,0.10625,2.78E-01,5.81E-01,-3.41E-01
16-08-27.4CBDPC,75,1,8.13,8,CBDC,CBDPC,54.8735,99.8502,3.7166,408.657,458.1539,181.2455,858.375,736.65,659.05,702.8167,739.4167,828.8333,717.8571,651.85,0.375,0.6875,0.5625,0.6875,0.5625,0.375,0.5625,0.6875,0.5625,729.0387556,1309.9664,0.40104,0.44375,-5.67E-01,2.68E-01,-5.40E-01
16-08-28.3CBDPC,79,1,10.46,10,CBDC,CBDPC,65.7073,-32.1221,63.0031,512.7481,124.4729,276.0817,652.6333,595.3095,580.1667,683.5,794.9167,691.8,640.4857,730.3833,0.5,0.625,0.75,0.8125,0.3125,0.5,0.75,0.6875,0.61719,680.4383556,1087.427534,0.33854,0.37188,6.94E-02,4.99E-02,1.65E-02
16-08-29.1CBDPC,80,1,7.24,7,CBDC,CBDPC,25.1694,37.7293,76.7065,82.8293,136.9934,215.292,751.8214,709.1548,668.9375,690.875,792.9286,795.3929,816.6667,730.1429,0.8125,0.8125,0.9375,0.9375,0.8125,0.6875,0.75,0.8125,0.82031,742.1299778,907.5714974,0.15104,0.18438,-2.82E-01,-1.93E-01,-3.14E-01
16-08-29.2CBDPC,81,2,8.17,8,CBDC,CBDPC,38.856,14.1561,91.0556,804.5538,-97.9018,185.2154,681,678.0625,663.3833,651.375,775.75,743.1667,817.4833,651.1667,0.1875,0.75,0.6875,0.625,0.4375,0.625,0.6875,0.5,0.5625,701.1541667,1258.086111,0.40625,0.42188,4.09E-01,-2.51E-01,-1.61E-01
16-08-30.1CBDPC,83,1,8.53,9,CBDC,CBDPC,51.6535,78.1557,120.8498,58.71,13.3028,126.8501,708.9048,686.4554,644.2321,608.1667,806.4911,803.5714,781.9375,722.5833,0.8125,0.9375,0.9375,0.75,0.9375,0.9375,0.8125,0.8125,0.86719,721.2602556,830.6055046,0.11458,0.13437,4.90E-01,-2.37E-01,-1.42E-01
16-08-30.2CBDPC,84,2,8.55,9,CBDC,CBDPC,8.4174,88.424,9.9352,-3.4721,116.2399,92.2573,719.3333,789.2143,774.8571,633.5893,768.6857,731.8929,748.5625,713.1667,0.875,0.875,0.8125,0.9375,0.75,0.8125,0.75,0.875,0.83594,731.2002,879.1453035,0.10417,0.14063,1.67E-01,-6.95E-01,-4.40E-01
16-08-30.4CBDPC,86,2,10.54,11,CBDC,CBDPC,34.4229,57.4487,70.246,37.1873,52.348,97.1478,620.4018,648.125,598.4375,543.5714,700.25,662.2857,663.0714,647.1339,0.9375,1,1,0.875,0.9375,0.875,0.9375,0.9375,0.9375,636.3918556,677.7702267,0.072917,0.08125,5.10E-01,2.44E-01,1.08E-01
16-09-03.2CBDPC,89,1,8.29,8,CBDC,CBDPC,83.6211,18.9693,60.721,-145.3966,-310.0168,26.3208,703.4286,730.3571,689.3,662.3571,808.6905,710.8333,770.2,785.625,0.8125,0.8125,0.5625,0.5625,0.8125,0.75,0.75,0.5625,0.70313,737.8101778,1041.911098,0.31771,0.30938,-1.51E-01,1.12E-01,2.34E-01
16-09-03.5CBDPC,92,2,10.5,10,CBDC,CBDPC,77.9449,80.9135,-3.249,87.031,156.0217,-29.1779,699.9286,650,644.8125,600.2143,706.5625,664.0714,634.9018,560.9167,0.875,0.75,0.9375,0.9375,1,0.875,0.9375,0.8125,0.89063,636.9064222,724.4040455,0.11979,0.12188,5.08E-01,6.92E-01,1.57E-01
16-09-04.1CBDPC,94,1,9.3,9,CBDC,CBDPC,4.8305,6.9312,65.4656,102.0846,88.7269,121.8968,647.0625,553.875,564.7857,608.0952,605.1833,610.4375,733.7714,658.6875,0.8125,0.5625,0.9375,0.8125,0.6875,0.75,0.75,0.875,0.77344,623.9609,805.152646,0.13542,0.20938,4.28E-01,-2.03E-02,2.70E-01
16-09-11.1CBDPC,97,2,8.13,8,CBDC,CBDPC,54.7761,83.3949,101.8615,71.9791,71.5244,142.1051,725.4196,662.25,652.125,604.5,778.7768,774.9643,768.2679,709.875,0.9375,1,1,1,0.9375,0.9375,0.9375,0.9375,0.96094,706.6865111,738.362775,0.03125,0.0375,1.50E-01,-1.18E-01,1.97E-01
16-09-11.2CBDPC,98,2,7.94,8,CBDC,CBDPC,73.9404,63.361,64.8718,102.6945,228.7105,78.5612,739.1125,711.7917,641.525,633.5,789.0833,794,712.1667,725.8839,0.8125,0.875,0.8125,0.8125,0.8125,0.75,0.875,0.9375,0.83594,717.2570111,859.3713514,0.16667,0.175,3.49E-01,-2.94E-01,-3.18E-02
16-09-11.4CBDPC,100,1,7.74,8,CBDC,CBDPC,55.8991,60.1821,103.9235,-53.8262,82.4979,191.4628,656.3125,659.5,587.9286,603.75,734.625,758.9375,710.1833,716.8125,1,1,0.875,1,0.9375,1,0.6875,0.875,0.92188,680.4221556,736.0027064,0.041667,0.075,-1.25E-01,4.94E-01,1.16E-01
16-09-17.2CBDPC,102,1,10.27,10,CBDC,CBDPC,77.55,-12.2435,10.0217,96.0284,-98.3864,146.684,665.7232,663.9375,600.4405,652.8625,675.5,623.1667,664.4286,632.875,0.9375,0.8125,0.8125,0.8125,0.75,0.75,0.75,0.625,0.78125,647.326,828.62944,0.14583,0.2125,3.96E-01,3.03E-01,3.19E-01
16-09-24.1CBDPC,105,1,9.76,10,CBDC,CBDPC,34.4302,57.2711,75.6659,97.8056,45.6237,290.7013,538.5,539.2857,504.25,475.625,614.5833,603.1042,583.4429,571.675,0.875,0.875,1,0.75,0.6875,0.6875,0.75,0.5625,0.77344,550.8295667,716.0326108,0.11458,0.19375,-1.86E-01,1.75E-01,-1.88E-01
16-09-24.2CBDPC,106,2,8.38,8,CBDC,CBDPC,69.2521,36.9605,48.2531,379.5965,77.1151,151.7383,752.9107,711.0208,699.2083,762.8714,802.7,822.5,765.3875,710.1667,0.6875,0.875,0.875,0.75,0.8125,0.625,0.8125,0.6875,0.76563,750.3350444,983.9552721,0.1875,0.21875,3.37E-01,-6.32E-01,-1.23E-01
16-09-24.4CBDPC,108,2,8.36,8,CBDC,CBDPC,-12.2893,57.5137,25.4214,-141.0432,212.7449,375.2966,800.8571,810.3333,782.5833,740.8,815.1667,815.5714,863.3333,757.25,0.9375,0.625,0.75,0.75,0.375,0.6875,0.5,0.75,0.67188,793.2661222,1188.064666,0.35417,0.35,3.90E-01,5.27E-01,9.17E-02
16-10-06.1CBDPC,112,2,9.52,10,CBDC,CBDPC,23.2764,32.5435,31.2531,-7.7187,39.052,65.9827,689.6696,653.7143,656.5,639.8571,710.6607,674.4286,705.25,678.1458,0.9375,0.875,0.875,0.875,0.9375,0.875,0.75,0.875,0.875,677.5251222,772.6037286,0.098958,0.11875,2.20E-01,4.26E-01,-2.80E-02
16-10-06.2CBDPC,113,2,7.25,7,CBDC,CBDPC,11.9654,14.153,83.4857,276.5519,-186.2054,470.7499,700,731.4792,744.5,769.9524,836.9667,845.8333,805.9333,812.5714,0.5,0.875,0.625,0.625,0.5,0.5625,0.5,0.5625,0.59375,785.5818111,1315.207642,0.375,0.4,-7.73E-02,8.62E-02,-1.62E-01
16-10-06.3CBDPC,114,1,9.08,9,CBDC,CBDPC,78.5925,83.5541,71.3522,143.6011,74.0225,77.2731,628.3542,630.0625,545.4107,554.3393,692.3125,696.2857,655.5,615.1875,0.875,1,0.9375,0.9375,0.9375,0.9375,1,0.875,0.9375,624.3558222,668.9936533,0.041667,0.071875,1.45E-01,-2.67E-01,-7.72E-02
16-10-07.2CBDPC,116,2,8.73,9,CBDC,CBDPC,26.914,117.0898,58.5827,140.9633,191.9391,82.1282,670.7667,724,621.2738,560.5714,726.7857,735.3125,703.4,635.55,0.6875,0.75,0.8125,0.875,0.875,0.75,0.8125,0.8125,0.79688,666.1011222,843.5492326,0.22917,0.225,6.42E-02,3.03E-01,-1.51E-01
16-10-15.3CBDPC,123,1,8.45,8,CBDC,CBDPC,42.5597,21.6276,45.5963,79.9086,56.0873,93.9641,643.9464,647.4643,608.3452,575.6875,708.9833,665.9107,653.0375,662.2143,0.9375,0.8125,0.8125,1,0.6875,0.9375,0.8125,0.9375,0.86719,649.2599111,744.5872877,0.11458,0.13125,1.26E-01,2.40E-01,1.02E-01
16-10-16.2CBDPC,126,1,7.95,8,CBDC,CBDPC,13.6349,87.5541,59.4494,-186.4177,128.4057,40.6359,652.9286,688.8333,664.6857,596.3667,732.4375,737,738.1667,630.6,0.75,0.625,0.75,0.6875,0.9375,0.75,0.5625,0.6875,0.71875,671.6965,946.264087,0.27083,0.275,4.22E-03,3.66E-01,2.38E-01
16-10-16.3CBDPC,127,1,8.43,8,CBDC,CBDPC,66.6584,29.5143,55.344,151.8524,104.6836,102.291,740.6518,618.3958,598,585.2143,690.1607,746.7667,665.4375,679.8333,0.9375,0.875,0.875,0.9375,0.9375,0.6875,0.9375,0.875,0.88281,667.9400111,753.9079898,0.041667,0.12187,5.13E-01,-3.76E-01,2.39E-01
16-10-22.2CBDPC,131,1,7.52,8,CBDC,CBDPC,91.6606,65.2785,40.117,74.6282,127.7468,78.1718,668.7286,586.0208,524.2262,520.0952,614.5,659.8571,573,597.2976,0.75,0.875,0.8125,0.8125,0.875,0.8125,0.625,0.8125,0.79688,594.4695,744.109135,0.14063,0.22813,-3.06E-01,-6.70E-01,-7.82E-02
16-10-22.3CBDPC,132,1,8.5,9,CBDC,CBDPC,110.7917,62.1095,60.8628,151.039,8.1735,192.2182,734.4732,629.75,569.2589,554.1875,641.9375,699.9375,625.2857,678,0.9375,1,0.9375,1,0.75,1,0.875,0.6875,0.89844,645.3978111,714.1309242,0.052083,0.1,4.09E-01,-5.18E-01,1.08E-01
16-11-12.1CBDHC,1,2,9.84,10,CBDC,CBDHC,23.0335,58.3985,41.5384,39.9815,41.0911,46.142,731.1875,671.325,687.3125,686.8214,748.0804,757.3125,758.0714,698.8958,1,0.8125,1,0.9375,0.9375,1,0.9375,0.875,0.9375,715.2229444,765.2008667,0.057292,0.0625,6.94E-02,-1.91E-01,-4.00E-01
16-11-13.1CBDPC,133,2,7.7,8,CBDC,CBDPC,46.0725,15.377,62.967,34.4313,91.9166,153.5774,619.9375,599.6875,591.9464,570.9375,700.1429,681.2,647.6339,615.9821,1,1,0.9375,1,0.875,0.75,0.9375,0.9375,0.92969,625.2464222,675.9602394,0.036458,0.075,1.92E-01,-5.51E-01,1.92E-01
16-11-13.3CBDPC,135,1,12.45,12,CBDC,CBDPC,43.8578,29.865,85.5837,55.4807,9.2894,94.4692,486.8125,477.8125,499.875,446.6875,563.0625,568.5,527.1875,543.2054,1,1,1,1,1,1,1,0.9375,0.99219,513.9603222,518.1899258,0.010417,0.025,5.49E-01,4.50E-01,2.18E-01
16-11-19.1CBDPC,136,1,8.46,8,CBDC,CBDPC,83.1866,97.4518,36.5167,40.2671,0.32687,194.17,666.3125,613.3125,578.6429,573.5,719,693.2857,612.2714,563.7917,1,1,0.875,0.875,0.8125,0.875,0.75,0.625,0.85156,622.7907444,736.9000276,0.083333,0.14063,4.75E-01,5.87E-01,-4.42E-01
16-11-20.1CBDPC,140,1,8.02,8,CBDC,CBDPC,44.3617,39.3326,75.7718,103.864,164.3031,179.0365,684.6429,694.3571,666.5714,688.4583,813.9,785.125,717.2143,708.5625,0.9375,0.8125,0.9375,0.875,0.6875,0.625,0.875,1,0.84375,718.6757222,853.1602222,0.078125,0.1375,2.19E-01,-2.61E-01,-1.09E-01
16-11-20.2CBDHC,7,2,10.86,11,CBDC,CBDHC,52.6737,32.0025,82.2434,42.4574,-12.9767,64.2515,640.4554,659.5089,598.75,610.619,743,705.0625,663.0982,687.2738,0.9375,0.9375,0.9375,0.8125,1,1,0.9375,0.8125,0.92188,668.0575333,719.6934254,0.057292,0.084375,1.26E-01,-8.89E-02,9.07E-03
16-11-20.2CBDPC,141,1,10.17,10,CBDC,CBDPC,33.6496,80.8712,24.448,235.3986,115.7964,-43.801,711.75,749.5595,680.3167,625.1,760.7679,741.6964,704.6548,675.7708,0.5625,0.8125,0.6875,0.6875,0.6875,0.6875,0.8125,0.875,0.72656,700.1517889,971.9803079,0.23958,0.26875,-4.16E-01,1.35E-01,-3.63E-01
16-11-26.1CBDPC,144,1,8.89,9,CBDC,CBDPC,100.2077,19.5293,25.5729,68.5558,22.4484,-27.1243,754.6429,677.5,601.75,667,777.5714,695.7679,662.2143,678.625,0.9375,0.875,0.75,0.875,0.875,0.9375,0.875,0.9375,0.88281,687.2579444,780.897291,0.098958,0.10938,-2.78E-01,-4.22E-01,3.57E-01
16-11-26.2CBDPC,145,1,8.77,9,CBDC,CBDPC,33.1021,37.0565,53.0239,259.0457,219.0024,43.0501,692.5,657.25,619.2,626,750.4167,680.2143,724.9286,658.125,0.5,0.75,0.6875,0.875,0.4375,0.75,0.875,0.875,0.71875,671.9038444,940.6321043,0.26042,0.28125,3.20E-01,2.75E-01,1.40E-01
16-11-26.3CBDHC,10,1,10.68,11,CBDC,CBDHC,43.6477,-32.4227,40.7006,7.9202,-42.8321,53.566,723.5,689.7286,706.8125,719.0893,792,719.3571,745,740.7738,0.75,0.75,1,0.9375,1,0.9375,0.6875,0.8125,0.85938,730.9734778,848.9057955,0.098958,0.125,1.70E-01,2.44E-01,-2.11E-01
16-11-26.3CBDPC,142,1,11.44,11,CBDC,CBDPC,-72.9897,81.7282,80.0817,108.1677,203.514,433.256,672,783.7857,716.8333,681.9286,745.05,837.6667,827.5833,747,0.5625,0.75,0.8125,0.8125,0.5625,0.625,0.6875,0.375,0.64844,749.7330667,1158.905913,0.29167,0.3375,2.21E-01,3.48E-01,8.80E-01
16-11-26.4CBDPC,143,2,8.96,9,CBDC,CBDPC,35.2955,38.8436,50.2812,66.6515,8.7034,76.2016,656.4375,650.3125,640.625,585.75,736.4167,685.5893,655.625,683.1875,1,1,1,0.9375,0.875,0.9375,1,1,0.96875,663.6603889,683.0894839,0.041667,0.04375,3.29E-01,-7.33E-02,-1.67E-01
16-11-27.2CBDPC,147,1,10.37,10,CBDC,CBDPC,56.5678,51.0489,66.7088,122.8436,88.7651,166.5162,653.2321,536.2232,580.0625,566.4375,643.9857,697.2143,635.7946,600.3452,0.9375,0.9375,1,1,0.75,0.875,0.9375,0.8125,0.90625,613.2550111,677.6958759,0.083333,0.096875,-1.35E-01,-3.22E-01,2.88E-01
16-12-04.2CBDHC,12,2,10.36,10,CBDC,CBDHC,25.6348,43.2636,72.5756,45.5224,30.4952,128.1082,703.9554,667.1875,686.125,644.8125,792.9286,750.1607,709,742.7768,0.9375,1,0.9375,1,0.875,0.9375,0.875,0.9375,0.9375,715.4107222,759.5928667,0.052083,0.05625,2.42E-01,1.60E-01,3.77E-01
16-12-10.1CBDHC,14,1,10.42,10,CBDC,CBDHC,68.3371,11.749,54.7942,85.8759,69.9016,80.041,660.125,573.3482,543.5,588.5536,680.375,651.369,636.2946,619.25,1,0.9375,1,0.9375,1,0.8125,0.9375,1,0.95313,618.1183778,649.5461532,0.03125,0.053125,4.07E-01,6.11E-01,1.52E-01
16-12-11.3CBDPC,154,2,7.87,8,CBDC,CBDPC,21.3296,-25.55,81.3163,2.4785,18.343,118.4322,734.6429,659.6667,638.2946,639.1042,751.8571,743.2083,747.2714,802.4375,0.875,0.75,0.9375,0.875,0.875,0.875,0.75,0.875,0.85156,726.8869667,839.1191901,0.072917,0.15,-6.24E-02,1.44E-01,-3.72E-01
16-12-11.4CBDPC,228,1,8.51,9,CBDC,CBDPC,78.0443,6.573,69.8175,49.2743,-20.9566,378.7057,727.5357,719.4048,658.5,578.2381,779.5833,718.6667,702.75,781.6833,0.6875,0.8125,0.75,0.625,0.5625,0.375,0.625,0.6875,0.64063,717.7068778,1105.622961,0.22917,0.34687,-8.00E-03,-1.39E-01,-9.12E-03
16-12-24.1CBDHC,16,2,10.41,10,CBDC,CBDHC,53.2969,27.0593,25.3184,165.0357,63.7405,161.8157,700.5238,732.4167,673.0089,720.0238,767.0571,706.3833,682.5667,746.4429,0.8125,0.75,0.9375,0.8125,0.75,0.6875,0.6875,0.75,0.77344,721.7136889,925.8027772,0.10938,0.20937,3.05E-01,5.03E-01,-4.24E-01
16-12-24.2CBDPC,160,2,7.47,7,CBDC,CBDPC,57.627,43.5744,32.8444,101.8283,-273.7538,328.5403,822.1429,752.9524,736.2857,701.1286,796.3,803.4464,747.4167,804.2,0.875,0.8125,0.875,0.75,0.75,0.6875,0.6875,0.4375,0.73438,773.8747444,1049.162678,0.27604,0.275,-1.56E-01,1.22E-02,4.02E-02
16-12-24.3CBDHC,18,1,10.82,11,CBDC,CBDHC,62.8592,27.1265,47.5836,55.0287,77.7755,134.3509,689.2679,668.8304,623.3571,552.8125,725.5833,636.1571,639.2143,712.6458,0.9375,0.9375,0.875,1,0.875,0.75,0.875,0.875,0.89063,662.1798222,736.5387984,0.052083,0.10625,1.51E-01,1.92E-01,-4.28E-01
16-12-24.3CBDPC,161,2,9.94,10,CBDC,CBDPC,94.1765,48.9037,73.93,162.8377,-11.7939,92.7568,626.5536,541,514.375,573.3571,689.2143,634.1875,623.1964,609.2917,0.9375,0.8125,1,0.875,0.8125,0.9375,0.9375,0.875,0.89844,603.2695111,669.3790904,0.078125,0.10938,-5.13E-01,1.46E-01,-1.11E-01
16-12-24.4CBDPC,162,1,7.95,8,CBDC,CBDPC,10.3128,36.4003,75.41,-6.652,54.1324,125.929,719.4554,696.875,690.375,607.0417,753.9286,715.869,765.0833,772.8452,0.9375,0.75,0.9375,0.875,0.875,0.8125,0.8125,0.8125,0.85156,723.1636889,839.8517427,0.10938,0.14375,2.57E-01,-2.16E-01,-4.78E-02
16-12-25.1CBDPC,163,2,11.17,11,CBDC,CBDPC,56.5829,7.0821,87.4696,76.7426,-18.1439,83.7726,593.75,528.625,502.3482,507.1161,637.6518,625.8125,578.1875,607.375,0.875,1,0.9375,0.9375,0.9375,0.9375,1,0.9375,0.94531,577.5962333,605.7359623,0.0625,0.06875,-1.23E-02,6.77E-02,2.91E-01
16-12-25.2CBDHC,20,1,11,11,CBDC,CBDHC,-4.6348,20.5942,97.1573,104.2281,56.6532,140.4244,657.1071,650.4643,629.0268,657.1875,740.7054,741.5119,781.2946,721.6339,0.9375,0.9375,0.9375,1,0.9375,0.8125,0.9375,0.9375,0.92969,699.3812778,750.1064199,0.072917,0.078125,4.83E-01,7.99E-01,5.00E-01
16-12-25.3CBDHC,21,2,10.23,10,CBDC,CBDHC,88.991,36.5582,38.872,63.4325,49.3438,52.2154,736.625,626.5268,590.8929,617.1875,664.8661,715.3125,698.5714,637.5625,1,0.9375,0.9375,1,0.9375,1,0.875,1,0.96094,655.6716333,687.8089033,0.020833,0.04375,-1.05E-01,-3.48E-01,9.16E-02
16-12-25.3CBDPC,165,2,10.36,10,CBDC,CBDPC,53.4682,63.1707,57.8675,167.7938,75.9307,200.3695,671.4167,649.0625,570.75,533.4375,678.875,657.9286,645.2024,636.9,0.875,1,1,1,0.875,0.8125,0.8125,0.75,0.89063,629.5080778,707.8658786,0.098958,0.11563,1.68E-01,1.89E-01,4.15E-01
16-12-27.1CBDPC,168,2,8.22,8,CBDC,CBDPC,49.4784,61.653,60.1191,-79.5774,359.7919,-121.4562,653.1143,705.1667,634.325,645.8333,775.7875,758.3286,684.6571,670.2857,0.75,0.5625,0.5625,0.75,0.8125,0.75,0.75,0.9375,0.73438,692.7775778,940.8443517,0.17188,0.2625,5.83E-03,-1.11E-01,-3.44E-01
16-12-27.2CBDPC,169,2,7.55,8,CBDC,CBDPC,73.793,45.9919,72.1307,217.7929,-54.8569,407.9709,776.4,727.4143,700.7143,678.15,859.2857,795.75,730.9583,769.8929,0.625,0.75,0.875,0.6875,0.625,0.5625,0.6875,0.6875,0.6875,760.0350556,1097.921,0.28125,0.3,9.81E-02,-1.06E-01,5.44E-02
16-12-28.2CBDPC,173,1,8.85,9,CBDC,CBDPC,104.6789,26.4799,42.6859,106.0092,150.5106,88.1177,756.7232,698.3333,612,606.3571,746.6071,694.4286,672.5429,721.2857,0.9375,0.625,0.8125,0.875,0.8125,0.8125,0.75,0.75,0.79688,690.0308778,864.0381707,0.098958,0.2,9.37E-02,-5.62E-03,2.85E-01
16-12-28.4CBDPC,175,2,9.05,9,CBDC,CBDPC,36.1524,21.2211,84.6512,171.1875,262.5755,824.9696,809.4167,700.125,753.0536,699.5625,855.619,805.1429,774.4286,861.3333,0.5625,0.5625,0.6875,0.75,0.625,0.5625,0.5625,0.3125,0.57813,791.0201778,1353.216751,0.34896,0.40313,2.19E-01,1.10E-01,4.60E-02
16-12-29.2CBDPC,177,1,9.15,9,CBDC,CBDPC,92.1674,102.6665,84.0905,283.7692,121.2421,210.684,716.125,622.2262,613.6518,525.4,721.0417,732.9643,711.9167,628.1714,0.75,0.8125,0.9375,0.8125,0.625,0.8125,0.75,0.75,0.78125,648.2774556,843.439536,0.125,0.2,1.50E-01,-1.94E-01,1.17E-01
16-12-31.1CBDPC,180,1,11.23,11,CBDC,CBDPC,61.1966,42.1255,82.078,73.7628,43.957,93.2782,601,505.75,509.5625,482.875,618.9375,613.875,573.4375,577.8571,0.9375,1,1,1,1,1,1,0.875,0.97656,560.5882889,573.8631779,0.015625,0.05,1.88E-01,8.14E-01,4.78E-01
16-12-31.2CBDPC,181,2,9.85,10,CBDC,CBDPC,11.7977,44.8299,48.7039,361.1687,619.3683,458.5067,709.6333,675.85,655.7381,648.1667,720.325,733.125,743,674.75,0.5,0.5625,0.8125,0.75,0.5625,0.375,0.5,0.5,0.57031,692.1209,1218.764378,0.40104,0.43438,7.14E-02,-1.28E-01,-3.83E-01
16-12-31.3CBDPC,182,1,9.64,10,CBDC,CBDPC,74.2874,13.8431,-1.1545,44.369,29.0963,66.9439,640.6875,662.7857,594.5714,604.5357,669.0714,623.9107,625.625,614.3482,1,0.9375,0.875,0.9375,0.8125,0.9375,0.75,0.9375,0.89844,625.3650667,700.5943079,0.078125,0.10938,3.34E-01,5.59E-01,1.37E-01
17-01-12.2CBDHC,23,2,11.1,11,CBDC,CBDHC,33.9466,14.0168,72.1633,34.4343,42.6592,103.7746,570.875,578.375,575.75,586.4375,675.375,649.5,647.0446,621.0625,1,1,1,1,1,0.875,0.9375,1,0.97656,611.3521778,627.7673159,0.015625,0.034375,1.60E-01,-2.45E-01,1.27E-01
17-01-12.3CBDHC,24,1,9.61,10,CBDC,CBDHC,41.7381,-5.503,98.764,76.1727,-17.3743,216.2155,623.2232,617.0625,611.0417,572.5625,708.1,661,703.2054,736.15,0.9375,1,0.875,1,0.6875,0.875,0.9375,0.8125,0.89063,661.7328111,734.3601299,0.041667,0.09375,2.36E-01,5.92E-01,1.74E-01
17-01-14.1CBDHC,25,1,9.18,9,CBDC,CBDHC,43.8692,26.0396,61.2981,-30.5063,7.5021,203.487,701.8661,642.7143,648.5,642.1875,724.0476,700.5,737.8167,727.1875,0.9375,0.875,1,1,0.8125,1,0.6875,0.75,0.88281,694.4799667,782.2775711,0.067708,0.10938,-1.24E-01,6.10E-01,3.18E-01
17-01-14.3CBDHC,27,2,8.44,8,CBDC,CBDHC,62.6366,25.0893,40.7363,68.5472,42.1848,17.4737,730.7946,682.0833,628.6875,646.8958,764.3036,718.5179,705.8661,664.5625,0.9375,0.875,1,0.875,0.9375,0.9375,0.9375,1,0.9375,688.6345889,738.89484,0.052083,0.065625,1.12E-01,-8.28E-01,-6.82E-02
17-01-15.3CBDHC,30,2,10.33,10,CBDC,CBDHC,29.1986,76.265,8.0375,34.3968,28.6539,60.6211,545.2768,611.125,585.0714,511.2946,593.1429,561.3571,586.8571,516.7857,0.9375,1,0.9375,0.9375,0.9375,0.875,0.875,0.8125,0.91406,560.7122889,616.8783504,0.041667,0.08125,2.26E-01,5.47E-01,5.71E-01
17-01-15.3CBDPC,186,2,11.08,11,CBDC,CBDPC,-34.0784,-30.6583,-0.57489,-128.409,-91.2406,-25.535,620,595,701.8667,615.9286,636.6875,600.5833,639.6429,630.0625,0.875,0.9375,0.6875,0.875,1,0.75,0.875,0.875,0.85938,626.5301667,733.0534077,0.125,0.1625,3.68E-02,3.80E-01,3.40E-01
17-01-16.2CBDPC,188,1,8.52,9,CBDC,CBDPC,40.3864,45.7876,95.5023,-3.6497,60.3462,252.5784,637.6905,673.5714,561.75,559.5167,711.1042,723.75,730.75,668.131,0.8125,0.875,0.75,0.6875,0.6875,0.625,0.625,0.8125,0.73438,653.6682,896.3792247,0.18229,0.24062,-8.92E-02,-7.64E-02,2.64E-01
17-01-17.3CBDPC,194,1,7.71,8,CBDC,CBDPC,22.0592,24.0522,51.7606,41.5638,42.5742,115.5254,691.5714,670.625,672.625,672.9375,779.2292,706.5571,796.5833,646.1875,0.875,1,1,0.875,0.875,0.75,0.875,1,0.90625,699.0073333,777.4228966,0.072917,0.0875,4.46E-01,5.36E-01,-1.66E-01
17-01-18.2CBDPC,197,2,7.33,7,CBDC,CBDPC,46.5575,91.1692,74.6125,97.3863,157.4052,172.1189,652.3571,610.5238,663.9375,586.6518,757.0714,733.875,704.5,624.3,0.9375,0.8125,1,0.9375,0.875,0.9375,0.75,0.75,0.875,663.1351778,761.8880857,0.072917,0.13125,3.23E-02,-2.84E-02,-3.72E-01
17-01-19.2CBDPC,200,1,9.29,9,CBDC,CBDPC,29.8132,-13.0447,41.884,183.3466,-29.6446,6.9099,688.2381,662.3125,676.9643,693.5982,712.0238,713.2857,727.9107,722.25,0.8125,0.875,0.8125,0.9375,0.8125,0.875,0.9375,1,0.88281,699.3703667,792.4388175,0.125,0.13437,3.04E-01,4.07E-01,1.77E-01
17-01-19.3CBDPC,201,1,9.45,9,CBDC,CBDPC,71.5086,62.7906,72.9388,88.2891,112.042,111.1255,650.6071,609.25,578.5,545.0893,715.8661,681.3571,691.125,623.5,0.9375,1,1,0.9375,0.9375,0.875,0.875,1,0.94531,635.7827333,673.7597455,0.041667,0.0625,2.83E-01,5.89E-01,6.01E-01
17-01-20.1CBDPC,203,1,9.55,10,CBDC,CBDPC,-41.1538,68.6062,69.0082,-114.7767,74.5294,4.8198,681.6667,772.75,732.3333,653.3333,739.1667,782.5333,812.25,770.2,0.375,0.625,0.4375,0.75,0.5,0.6875,0.5625,0.625,0.57031,740.3037,1302.851366,0.41146,0.425,5.89E-02,3.35E-01,-5.85E-02
17-01-20.2CBDPC,204,2,9.52,10,CBDC,CBDPC,42.8989,39.4485,39.4145,232.3123,-25.865,104.3504,707.5,722.75,698.9821,657.1161,802.9857,700.7083,715.6964,726.275,0.75,1,0.9375,0.9375,0.75,0.875,0.9375,0.8125,0.875,717.7792889,818.8590857,0.083333,0.11563,1.14E-01,1.60E-01,-4.66E-02
17-01-20.3CBDPC,205,2,9.38,9,CBDC,CBDPC,45.1639,88.5892,51.7124,-46.1327,135.4653,232.1119,712.875,692.0714,697.5,665.8036,786.25,752.8333,699.1607,731.6429,0.875,0.9375,0.75,0.9375,0.8125,0.75,0.6875,0.75,0.8125,727.0707667,882.7902923,0.20313,0.20313,-2.41E-01,-6.67E-01,1.83E-01
17-01-21.1CBDHC,36,1,9.13,9,CBDC,CBDHC,35.5817,77.0512,87.9498,72.6518,53.4625,256.6769,676,650.9464,604.5625,575.1429,734.4143,722.5571,760.4524,637.3,0.9375,0.9375,1,0.875,0.75,0.75,0.8125,0.8125,0.85938,670.7084,779.8319137,0.041667,0.125,-1.89E-01,-3.81E-02,1.02E-01
17-01-22.1CBDHC,38,2,8.12,8,CBDC,CBDHC,67.0535,69.4511,71.3685,162.727,154.3277,196.8533,797.2143,699.3214,652.2143,673.1875,850.275,821.3333,784.25,677.6696,0.8125,0.8125,0.875,1,0.5625,0.875,0.75,0.9375,0.82813,737.7461556,898.9327461,0.15625,0.17813,1.97E-01,5.61E-01,2.07E-01
17-01-23.1CBDHC,39,1,8.21,8,CBDC,CBDHC,43.5044,19.7627,84.4417,-28.122,11.9585,139.918,660.8095,521.4464,587.3214,537.1875,672.7857,666.0714,739.3,605.6071,0.8125,0.9375,0.8125,0.9375,0.875,0.875,0.625,0.9375,0.85156,620.531,732.5568662,0.057292,0.14687,2.15E-03,-4.21E-01,2.25E-01
17-02-15.1CBDPC,207,2,8.37,8,CBDC,CBDPC,42.5772,85.8343,68.4169,201.8411,186.1001,-40.2877,713.6667,693.8375,643.7143,622.0417,750.5625,754.5625,745.7946,683.625,0.625,0.8125,0.875,0.875,0.875,0.875,0.9375,0.9375,0.85156,696.6727556,823.166424,0.13021,0.15625,3.50E-01,5.21E-02,-2.53E-01
17-02-16.1CBDPC,209,2,9.04,9,CBDC,CBDPC,59.8182,100.3853,42.8468,120.6342,82.3054,87.2954,598.3452,645.4375,630.4018,558.2589,720.8333,700.7625,636.2143,584.9107,0.8125,1,0.9375,0.9375,0.875,0.8125,0.875,0.9375,0.89844,626.1015778,706.1078369,0.083333,0.10312,2.63E-01,-1.47E-01,1.16E-01
17-02-17.1CBDPC,212,1,9.09,9,CBDC,CBDPC,42.8142,65.3234,95.8202,150.798,75.2533,180.1858,632.0833,618.4643,616.4048,634.3125,778.7083,752.4821,688.4,648.6667,0.75,0.8125,0.8125,0.875,0.625,0.9375,0.75,0.75,0.78906,668.5857778,850.6200416,0.17708,0.19375,2.35E-03,-6.72E-01,3.16E-01
17-02-18.1CBDHC,48,1,9.09,9,CBDC,CBDHC,27.7244,-21.3528,47.2005,56.8606,-36.8241,61.247,613.5625,634.25,575.5,617.7143,685.9286,613.5089,659.0625,644.375,0.9375,1,1,0.875,0.875,0.9375,0.9375,1,0.94531,632.5724222,666.9639854,0.046875,0.05625,4.55E-01,-2.30E-01,1.87E-01
17-02-18.3CBDPC,217,2,8.64,9,CBDC,CBDPC,57.4054,54.4338,68.9567,176.2689,40.9227,88.7073,606.3542,606.2143,527.0625,543.8375,656.8286,641.0982,651.8929,617.7708,0.875,0.875,1,0.8125,0.75,0.9375,0.9375,0.875,0.88281,605.451,686.8775558,0.083333,0.10625,-2.21E-01,3.55E-01,-2.62E-01
17-02-25.1CBDHC,49,2,9.33,9,CBDC,CBDHC,62.4371,16.3007,43.2616,98.9231,15.8971,70.0187,572.8571,665.875,547.3839,661,735.6339,623.9911,647.2083,624.9196,0.875,1,0.9375,1,0.9375,0.9375,0.875,0.9375,0.9375,631.7076556,677.18252,0.036458,0.05625,-3.17E-01,-7.04E-01,2.67E-01
17-02-25.1CBDPC,219,2,9.43,9,CBDC,CBDPC,69.0977,70.5548,48.5689,156.7966,235.9917,60.648,700.9167,718.0833,683.2292,630.9286,754.2857,739.375,732.2946,702.4375,0.875,0.875,0.875,0.875,0.875,0.625,0.9375,1,0.86719,705.2556222,816.0770131,0.11979,0.1375,-1.50E-01,1.41E-01,-1.82E-01
17-02-25.2CBDPC,220,1,8.96,9,CBDC,CBDPC,101.1473,19.9447,76.6652,75.3646,147.1979,151.7374,703.869,653.25,565.9732,605.0714,736.4792,684.75,680.5,714.1607,0.8125,0.625,0.9375,0.75,0.875,0.6875,0.75,0.6875,0.76563,672.1726111,872.4928327,0.19792,0.24688,-2.85E-01,2.34E-02,6.80E-01
17-02-25.3CBDPC,221,2,9.7,10,CBDC,CBDPC,23.9945,32.9246,97.6235,54.3838,108.9562,128.6269,714.125,725.7857,672.5667,710.7143,830.75,809.2024,775.9571,778.875,0.875,0.75,0.6875,0.875,0.625,0.8125,0.75,1,0.79688,759.3584667,943.9903436,0.19271,0.20938,3.26E-01,8.44E-01,-3.20E-02
17-02-26.1CBDPC,222,2,8.61,9,CBDC,CBDPC,25.7944,53.6679,100.4908,160.3368,424.452,266.8826,744.65,671.3833,677.975,594.4571,813.125,718.75,813.5833,687.5833,0.5625,0.6875,0.5625,0.75,0.5,0.5625,0.6875,0.6875,0.625,708.0007778,1144.3014,0.38021,0.3875,2.80E-01,5.02E-01,3.05E-01
17-04-03.1CBDPC,236,1,8.62,9,CBDC,CBDPC,97.5338,94.9119,26.5145,272.1075,270.8015,157.799,697.3286,667.7857,584.7143,546.2667,738.875,683.6607,653.325,589.0536,0.75,0.75,0.875,0.6875,0.5,0.6875,0.5625,0.9375,0.71875,639.8066222,897.566887,0.22917,0.27812,5.48E-01,-1.37E-01,3.66E-01
17-04-03.2CBDPC,237,2,8.96,9,CBDC,CBDPC,3.4805,63.6692,64.6871,-29.6863,1.4164,114.8469,656.0536,693.375,726.3304,622.1905,750.1905,764.8304,735.0208,719.1429,0.9375,1,0.9375,0.8125,0.8125,0.9375,0.875,0.875,0.89844,709.5704556,788.4686373,0.10938,0.1125,9.84E-02,-1.07E-01,-1.09E-01
17-04-04.4CBDPC,241,2,8.42,8,CBDC,CBDPC,45.5537,10.687,99.7275,157.4357,36.3655,299.1077,613.3143,600.9048,631.0625,561.1071,721.6429,693.2143,655.1667,729.8333,0.75,0.8125,0.875,0.9375,0.875,0.6875,0.6875,0.5625,0.77344,659.5828778,841.4107591,0.21875,0.225,8.88E-02,-4.55E-01,8.68E-02
17-04-08.1CBDPC,242,2,10.96,11,CBDC,CBDPC,15.4353,22.6709,78.0569,41.85,50.8061,164.6229,501.9018,464.5,433.4,445.6875,553.25,524.1333,529.7232,499.2292,0.9375,1,0.8125,0.9375,0.75,0.6875,0.9375,0.875,0.86719,497.2583333,569.6307903,0.09375,0.12812,5.40E-02,3.12E-01,2.84E-01
17-04-08.3CBDPC,244,1,9.42,9,CBDC,CBDPC,10.3121,27.7772,65.5589,11.6516,-12.4498,118.3769,536.6607,542.1786,485.1625,556.7875,578.5333,615.3571,624.9881,554.5119,0.9375,0.8125,0.8125,0.8125,0.6875,0.8125,0.8125,0.8125,0.8125,560.2699667,691.4122615,0.13021,0.17813,1.86E-01,5.73E-01,-2.36E-01
17-04-09.1CBDPC,246,2,7.62,8,CBDC,CBDPC,16.9013,1.5798,38.0639,-23.6266,1.244,174.9817,700.1143,738.2857,693.6339,726,776.9286,722.5357,754.675,752.5833,0.75,0.875,0.9375,0.875,0.875,0.8125,0.5625,0.75,0.80469,731.8062778,911.0273055,0.1875,0.19687,4.16E-01,3.07E-02,-7.31E-02
17-04-16.2CBDPC,249,2,10.16,10,CBDC,CBDPC,44.35,24.032,1.501,79.1416,-32.8986,140.7912,598.4167,552.8125,577.2589,531.2,607.3143,551.2,533.8214,533.381,0.75,1,0.9375,0.8125,0.75,0.8125,0.5625,0.8125,0.80469,557.3783111,696.759746,0.19271,0.2125,2.23E-01,-3.55E-01,1.10E-01
17-04-16.3CBDPC,251,1,8.83,9,CBDC,CBDPC,0.50728,43.8204,66.8331,143.2458,91.9311,96.9961,672.6333,735.1667,697.4286,737.8958,820.6667,790.5833,767.4167,750.3429,0.6875,0.6875,0.875,0.875,0.6875,0.75,0.875,0.75,0.77344,747.2371111,965.1902539,0.1875,0.20937,3.50E-01,3.21E-01,2.14E-02
17-04-16.4CBDPC,252,1,8.32,8,CBDC,CBDPC,54.5338,18.3601,89.2199,42.6404,-6.5972,85.8673,621.4167,616.7143,625.9821,605.6042,701.5893,703.7321,690.375,687.881,0.875,0.875,0.9375,0.875,0.9375,0.9375,0.9375,0.8125,0.89844,662.6438556,730.8911419,0.072917,0.10625,3.33E-01,5.56E-01,-4.97E-01
17-04-16.5CBDPC,253,1,10.65,11,CBDC,CBDPC,77.0537,18.071,38.5935,17.3437,72.5566,93.7455,683.9286,622.9554,539.9881,569.9167,680,612.3125,623.2667,631.6429,0.875,0.9375,0.8125,0.875,0.8125,0.8125,0.6875,0.9375,0.84375,617.2789889,735.4090222,0.14063,0.1625,1.08E-01,4.84E-02,5.89E-01
17-04-22.1CBDPC,256,1,9.39,9,CBDC,CBDPC,37.6728,76.0611,97.3972,162.9443,214.2427,271.2143,693.2833,711.7571,634.8,660.25,838.5893,772.4,798.5417,676.2667,0.6875,0.75,0.8125,0.75,0.6875,0.5625,0.6875,0.6875,0.70313,716.5153444,1028.595014,0.26563,0.29063,3.30E-01,7.03E-02,-3.16E-01
17-04-22.2CBDPC,257,1,8.17,8,CBDC,CBDPC,59.9978,0.74008,108.4914,438.4353,-88.2326,439.1599,618.3333,612.4167,555.75,643.0357,760.4,749.3667,703.8,699.8333,0.375,0.75,0.5625,0.6875,0.4375,0.5,0.6875,0.5,0.5625,669.5484111,1187.319044,0.40625,0.425,-2.00E-01,-5.78E-01,-1.93E-01
17-04-23.1CBDHC,54,1,9.11,9,CBDC,CBDHC,59.8656,48.5847,67.1693,32.2507,33.1483,148.318,720.3125,664.8125,618.25,563.0625,693.1429,704,721.8571,720.8542,0.9375,1,1,1,0.9375,0.875,0.875,0.875,0.9375,682.4490778,720.8388933,0.041667,0.059375,1.98E-01,4.29E-02,7.66E-03
17-04-23.1CBDPC,259,2,9.18,9,CBDC,CBDPC,77.3631,16.479,58.3287,202.4034,-105.528,79.5752,622.0333,608.8125,572.25,585.8333,692.9,674.5119,627.5833,634.3333,0.6875,1,0.6875,0.75,0.6875,0.8125,0.8125,0.8125,0.78125,625.6952889,802.921216,0.20833,0.22187,3.11E-01,-2.52E-01,2.35E-02
17-04-23.4CBDHC,57,2,7.36,7,CBDC,CBDHC,77.0999,103.1343,27.8229,118.2393,27.1624,70.6126,759.0714,752.625,635.3571,649.0625,784.1429,754.9643,707.5804,661.7143,0.875,1,0.875,1,0.875,0.9375,0.9375,0.8125,0.91406,702.5019889,780.1071456,0.026042,0.08125,-8.26E-03,3.92E-01,-4.08E-01
17-04-29.1CBDPC,263,2,6.72,7,CBDC,CBDPC,23.5847,24.1231,99.9929,112.3671,-19.2812,475.9096,567.9167,562.8429,546.6667,513.6625,664.4286,618.425,703.0714,631.4286,0.625,0.75,0.8125,0.8125,0.6875,0.5625,0.625,0.5,0.67188,603.1602667,894.5872775,0.072917,0.29688,5.27E-01,3.58E-01,2.06E-03
17-04-29.4CBDPC,266,2,7.92,8,CBDC,CBDPC,63.4149,132.8,87.829,-13.8729,564.8616,490.7766,683.2667,785.5714,743.875,619.25,847.75,777.8333,773.1667,725.9286,0.6875,0.6875,0.5625,0.625,0.5,0.4375,0.6875,0.5625,0.59375,741.0713,1254.029832,0.32292,0.4125,1.71E-01,2.72E-01,-1.59E-02
17-04-29.5CBDPC,267,2,7.99,8,CBDC,CBDPC,31.8406,82.949,86.6019,61.781,151.9399,237.8027,595.1429,583.2143,546.1875,493,628.1905,662.0333,649.3667,641.6905,0.875,0.6875,1,0.75,0.8125,0.6875,0.6875,0.625,0.76563,602.7028556,783.4766304,0.23438,0.24375,2.51E-01,-3.88E-01,4.97E-01
17-04-30.1CBDHC,60,1,7.86,8,CBDC,CBDHC,-2.197,70.88,15.9619,103.4376,201.3229,150.5029,699.375,781.9571,768.5833,677.0208,757.875,783.5167,758.8857,699.05,0.75,0.75,0.75,0.875,0.625,0.6875,0.75,0.6875,0.73438,737.4181778,1008.718851,0.15625,0.25,-4.47E-02,1.19E-01,-7.31E-02
17-04-30.2CBDHC,61,2,11.75,12,CBDC,CBDHC,50.0701,57.0829,55.1519,164.6499,126.6504,104.3335,583.7857,604.1429,502,553.125,623.8667,607.9732,644.5268,557.9375,0.9375,0.875,1,1,0.6875,0.9375,0.9375,1,0.92188,582.5675333,634.214567,0.046875,0.090625,-3.21E-01,3.63E-01,4.34E-01
17-04-30.3CBDHC,62,1,7.67,8,CBDC,CBDHC,95.9701,61.2901,39.8373,205.8459,179.434,269.7614,697.6071,684.8214,594.5714,638.0625,731.3929,727.25,649.9405,691.3333,0.9375,0.9375,0.9375,1,0.6875,0.6875,0.8125,0.75,0.84375,681.2199,802.2191259,0.0625,0.16562,1.28E-01,1.93E-01,6.26E-02
17-04-30.4CBDHC,63,2,7.31,7,CBDC,CBDHC,41.049,-6.5158,103.1788,13.0429,-9.0219,168.594,651.6875,569,649.8125,616.4911,760.0625,696.6429,714.6786,728.4196,1,1,1,0.9375,1,0.875,0.8125,0.9375,0.94531,680.1716333,712.3053152,0.020833,0.053125,4.40E-01,1.32E-01,-3.10E-01
17-05-11.1CBDHC,67,1,9.36,9,CBDC,CBDHC,34.3992,-16.8442,18.8429,51.5406,91.4266,110.5509,617,618,604.3333,684.0804,695.7292,686.5,605.2143,666.0417,1,0.9375,0.875,0.9375,0.875,0.6875,0.875,0.875,0.88281,648.8221,733.0143094,0.10938,0.13125,3.90E-01,-5.52E-02,-4.56E-01
17-05-20.1CBDPC,268,2,8.16,8,CBDC,CBDPC,80.9678,90.6439,24.4527,247.9778,70.0942,-20.0812,760.2,744.2321,666.6042,647.9857,766.5286,765.8661,715.6667,676.8393,0.75,0.9375,0.875,0.75,0.75,0.9375,0.875,0.9375,0.85156,712.7414111,843.1470918,0.16667,0.15937,1.74E-01,1.97E-01,-3.91E-02
17-05-28.2CBDPC,273,2,7.16,7,CBDC,CBDPC,82.1952,36.6687,32.6481,-15.3382,156.6806,-109.4666,771.4167,738.7083,674.375,681.1667,796.7708,761.0833,704.9625,734.8452,0.75,0.625,0.625,0.75,0.875,0.75,0.8125,0.8125,0.75,732.8976111,977.2214167,0.21875,0.25,9.45E-02,-1.96E-01,-3.66E-01
17-06-03.2CBDPC,275,1,7.98,8,CBDC,CBDPC,60.7962,58.7147,32.6463,94.4096,115.9159,9.1801,758.8571,727.1042,719.75,683.6875,799.2946,801.8125,738.875,707.125,0.9375,0.875,1,1,0.9375,1,1,1,0.96875,738.4728778,766.0007613,0.03125,0.0375,2.80E-01,-4.41E-01,1.22E-01
17-06-17.2CBDPC,279,1,8.16,8,CBDC,CBDPC,80.1259,45.7503,49.4676,275.021,151.5588,119.7526,711.7,672.1714,595.7857,622.8661,684.4643,728.4405,645.1786,671.4143,0.5625,0.75,0.875,0.9375,0.6875,0.8125,0.6875,0.75,0.75781,666.1134333,879.5115035,0.098958,0.22812,3.40E-01,-3.26E-01,-5.40E-02
17-06-24.1CBDPC,282,1,10.11,10,CBDC,CBDPC,64.8106,62.8653,64.2124,169.7308,-30.8346,143.8576,706.2571,699.6429,701.7381,606.2708,778.9,766.8571,704.6042,738.4107,0.75,0.9375,0.8125,0.875,0.75,0.875,0.875,0.6875,0.82031,713.8534333,868.982595,0.17188,0.19375,2.91E-01,-1.94E-01,2.43E-01
17-07-08.4CBDPC,287,1,9.78,10,CBDC,CBDPC,66.1755,61.2108,50.0833,3.824,109.9901,101.2137,655.4732,647.1,607.9375,610.375,707.0893,728.5833,617.6667,651.9881,0.9375,0.8125,0.9375,0.8125,0.9375,0.75,0.75,0.8125,0.84375,649.9959,774.2537926,0.14583,0.15,3.11E-01,6.46E-01,-8.83E-02
17-07-17.1CBDHC,71,1,7.19,7,CBDC,CBDHC,94.5319,64.2668,58.9848,210.0139,84.3768,142.9647,804.2286,727.2946,735.375,641.9375,829.7292,735,786.5952,773.5208,0.75,0.9375,1,1,0.875,0.8125,0.8125,0.875,0.88281,757.3812111,854.3289185,0.09375,0.10313,-5.31E-01,-3.92E-02,-6.22E-02
17-07-17.2CBDHC,72,2,9.95,10,CBDC,CBDHC,43.2671,9.5932,-16.2336,73.8579,46.3862,40.4217,745.9911,693.7143,681.2857,696.0089,704.5714,692.6429,679.0476,681.8571,0.9375,0.875,0.8125,0.9375,0.75,0.875,0.8125,0.875,0.85938,693.1243333,810.9216819,0.036458,0.14063,-4.24E-02,-2.22E-01,-6.95E-03
17-07-17.3CBDHC,73,2,8.98,9,CBDC,CBDHC,17.7199,35.9236,112.001,-31.6163,23.888,200.7389,623.2917,649.8929,562.25,590.0625,707.5714,746.9911,707.25,741.4286,0.875,0.9375,1,1,0.875,0.9375,0.75,0.875,0.90625,675.5264667,734.9983724,0.067708,0.10312,5.51E-01,-6.17E-01,5.64E-01
17-07-23.3CBDHC,76,1,9.15,9,CBDC,CBDHC,86.3144,52.6757,53.13,160.6665,96.2604,129.1905,678.4821,590.85,564.375,610.1964,728.1786,683.0952,651.9375,598.7083,0.9375,0.8125,1,0.9375,0.8125,0.8125,0.875,0.875,0.88281,635.1470111,722.9504508,0.0625,0.10938,2.40E-01,4.01E-01,3.81E-01
17-07-26.1CBDHC,79,1,8.25,8,CBDC,CBDHC,71.8119,8.2652,49.6743,130.453,121.2757,176.7545,730.0268,663.5,616.2857,639.4792,716.8214,742.9571,690.7262,704.631,0.9375,0.8125,0.875,0.875,0.6875,0.75,0.8125,0.8125,0.82031,688.3808222,838.7724458,0.14063,0.18438,8.11E-02,-1.41E-02,2.42E-01
17-07-27.2CBDPC,289,2,12.27,12,CBDC,CBDPC,37.7535,56.7474,41.7927,43.0017,139.9184,98.0246,542.3661,548.5536,575.75,501.3571,614.5625,590.7,558.7143,524.8393,0.9375,0.9375,0.875,0.9375,0.875,0.8125,0.8125,0.9375,0.89063,553.0381,625.5182988,0.11979,0.13125,4.08E-01,3.04E-01,1.22E-01
17-07-28.3CBDPC,294,1,9.08,9,CBDC,CBDPC,64.0606,5.2367,65.5128,108.8795,77.1919,129.3575,728.1429,598.4167,590.2054,610.9554,715.4286,675.9524,696.1667,716.7917,0.875,0.875,0.9375,0.9375,0.8125,0.8125,0.875,0.875,0.875,670.3122,761.7228286,0.11458,0.125,2.45E-01,-6.03E-01,-1.77E-01
17-07-29.2CBDPC,297,2,10.17,10,CBDC,CBDPC,56.1033,33.4231,45.8512,44.2391,61.9613,15.831,680.5,605.3482,578.8571,563.5625,699.5625,637.9196,634.375,598,0.9375,0.9375,0.875,1,1,0.9375,1,1,0.96094,621.3472111,650.1608971,0.046875,0.059375,-3.07E-01,-2.46E-01,5.19E-01
17-07-29.3CBDPC,298,1,8.82,9,CBDC,CBDPC,102.7332,101.6446,70.0168,47.5693,201.5526,57.4427,743.8452,681.1833,620.4167,489.0625,736.3929,717.8571,707.8333,675.2738,0.8125,0.6875,0.75,0.75,0.8125,0.875,0.625,0.8125,0.76563,669.6794222,877.0334235,0.22917,0.2625,4.52E-01,6.01E-03,2.23E-01
17-07-30.1CBDPC,300,1,9.93,10,CBDC,CBDPC,63.9905,27.7225,73.0837,74.8675,94.4585,101.5848,664.15,603.4792,553.0595,556.5,709.1429,684,673.8125,611.1607,0.8125,0.875,0.8125,0.875,0.8125,0.75,0.875,0.9375,0.84375,631.7560889,748.9340444,0.125,0.15312,-8.93E-02,6.65E-01,2.97E-01
17-07-30.2CBDPC,301,1,9.39,9,CBDC,CBDPC,90.1903,99.5764,39.0347,-38.8001,103.8823,179.6978,719.0238,653.2024,646.3571,633.3429,690.1143,770.6667,663.8333,597.4821,0.8125,0.8125,0.75,0.75,0.75,0.8125,0.5625,0.6875,0.74219,672.2525111,905.0954944,0.088542,0.26875,7.31E-02,5.07E-01,-1.46E-01
17-08-06.2CBDHC,84,1,9.38,9,CBDC,CBDHC,-19.1866,42.4348,62.4117,79.7713,55.8913,67.9096,616.9405,605.9375,609.2262,562.25,629.4,696.375,662.6875,639,0.8125,1,0.8125,1,0.625,1,1,1,0.90625,627.5629667,692.6643724,0.041667,0.09375,5.40E-01,2.07E-01,-2.70E-01
17-08-12.1CBDHC,85,1,7.5,8,CBDC,CBDHC,18.1703,18.1804,55.2122,-12.1114,34.0896,170.7936,657.6875,626.3304,629.9732,563.0714,720.1786,645.2286,705.9286,629.5625,1,0.9375,0.9375,0.875,0.8125,0.75,0.8125,0.875,0.875,646.3845333,739.7086857,0.020833,0.11562,7.21E-02,3.16E-01,-2.39E-01
17-08-12.2CBDHC,86,1,7.35,7,CBDC,CBDHC,38.7854,-8.1936,78.5614,262.9098,-57.4531,49.2662,757.625,728.5333,752.1,711.1429,834.825,803,815.3,813.7286,0.5,0.6875,0.625,0.6875,0.5625,0.6875,0.625,0.75,0.64063,777.1949778,1212.918299,0.27604,0.35625,3.11E-01,3.78E-01,-3.44E-01
17-08-24.2CBDHC,90,1,7.58,8,CBDC,CBDHC,54.5598,39.1358,93.5547,165.4315,-88.7013,173.6977,704.0714,629.8125,608.4375,601.5,762.0125,749.0625,716.8661,676.4167,0.9375,1,0.875,0.75,0.8125,0.875,0.9375,0.6875,0.85938,678.9088,792.4578184,0.057292,0.1375,5.37E-01,1.99E-01,1.37E-01
17-08-24.3CBDHC,91,1,8.96,9,CBDC,CBDHC,13.4879,34.0996,115.4948,239.0856,115.1547,277.5853,771.0417,692.5714,713.625,657.1339,812.0833,827.5,804,833.9018,0.875,0.8125,1,0.9375,0.5625,0.75,0.875,0.9375,0.84375,770.4285667,905.4603111,0.14063,0.14688,3.96E-02,-3.16E-01,-5.58E-02
17-08-27.3CBDHC,94,2,9.61,10,CBDC,CBDHC,71.0344,42.464,32.0141,85.9399,14.8793,21.7545,683.375,628.375,590.875,591.9107,675.3125,679.375,636.6875,633.3125,1,1,1,0.9375,1,1,1,1,0.99219,636.9970222,644.9398805,0.015625,0.0125,3.40E-01,1.53E-01,3.96E-02
17-08-28.1CBDHC,95,2,7.17,7,CBDC,CBDHC,43.5216,45.661,79.0398,48.8016,34.9383,142.5031,709.6964,670.4167,678.375,630.0667,738.25,798,742.6548,707.8452,0.9375,0.8125,1,0.6875,0.75,0.875,0.8125,0.8125,0.83594,710.4783111,848.6411704,0.083333,0.15313,4.19E-01,3.30E-01,3.27E-02
17-08-28.3CBDHC,97,1,8.49,8,CBDC,CBDHC,10.1972,32.1133,37.7809,62.8657,34.781,76.2807,706.3125,632,712.5625,698.25,762.2,765.1429,738.1548,658.4167,1,0.8125,0.75,0.75,0.625,0.875,0.8125,0.875,0.8125,702.3377111,872.7752923,0.11458,0.19062,2.04E-01,2.02E-01,4.44E-02
17-08-28.4CBDHC,98,1,8.65,9,CBDC,CBDHC,73.4085,72.5437,32.6794,188.1652,28.6848,67.3941,721.3333,718.8482,651.2143,632.8393,715.869,725.5089,675.7024,721.631,0.6875,0.9375,0.9375,0.9375,0.8125,0.9375,0.8125,0.8125,0.85938,694.2718222,809.1511322,0.083333,0.1375,-1.50E-01,-6.89E-01,5.09E-01
17-08-29.2CBDHC,100,2,8.04,8,CBDC,CBDHC,15.7713,20.8124,8.0653,166.5857,-138.4618,239.6497,768.9286,779.5833,757.95,722.25,734.1,769.1714,757.8833,798.9333,0.875,0.75,0.6875,0.625,0.375,0.75,0.6875,0.6875,0.67969,765.0888778,1119.775173,0.26042,0.29375,4.94E-01,4.27E-01,1.65E-01
17-09-17.2CBDHC,102,1,7.6,8,CBDC,CBDHC,27.0657,75.6775,47.3621,-27.8463,98.8074,144.8467,641.369,687.3036,604.7143,568.0089,670.5,723.9375,665.7857,639.625,0.8125,0.9375,0.875,0.9375,0.6875,0.8125,0.8125,0.875,0.84375,650.166,770.5546667,0.052083,0.1625,3.08E-01,4.61E-01,4.00E-02
